code,name,outsourcing_order_id,is_complete_infos
06122022-1406,TTD-051222-254-Trung Việt,1405,0
05122022-1405,TTD-051222-254-Trung Việt,1404,0
05122022-1404,DYC-AU-221026-Western Zone QLD,1403,0
05122022-1403,DYC-US-221117-E11even Vodka-665,1402,0
05122022-1402,CIE-220920-CLB Mine Raglan,1401,0
05122022-1401,CIE-211222-GOCap Carbon - Speed Play-Corman,1400,0
05122022-1400,CIE-211222-GOCap Carbon - Speed Play-Steel,1399,0
05122022-1399,XA-303-PEGASUS_v1,1398,0
05122022-1398,DYC-US-221110-The Vibe Agency-661,1397,0
05122022-1397,TTD-221025-Bouygues-v1,1396,0
03122022-1396,TTD-031222-252-Trung Việt,1395,1
03122022-1395,TTD-031222-252-Trung Việt-TTD-031222-253-Trung Việt,1394,1
02122022-1394,TTDSTK-221121-VS520/VV520-True Red-Blank,1393,0
02122022-1393,TTDSTK-221121-VS520/VV520-Black-Blank,1392,0
02122022-1392,TTDSTK-221121-VS520/VV520-Fandango Pink-Blank,1391,0
02122022-1391,TTDSTK-221121-VS520/VV520-Blue-Blank,1390,0
02122022-1390,TTDSTK-221121-VS520/VV520 Navy Blue-Blank,1389,0
02122022-1389,TTDSTK-221121-BK-Buttercream-Blank,1388,0
02122022-1388,TTDSTK-221121-BK-Antarctica-Blank,1387,0
02122022-1387,CIE-211222-BCHat V Elite - Circle C-Boreal-60cm/58CM,1386,0
02122022-1386,TTD-021222-224-KQ,1385,0
02122022-1385,CIE-211222-BNDCKHat Carbon - Iconic VC-Cormon-60cm,1384,0
02122022-1384,CIE-211222-BNDCKHat Carbon - Iconic VC-Henri-60cm,1383,0
02122022-1383,CIE-211222-BNDCKHat Carbon - Iconic VC-Kits-60cm,1382,0
02122022-1382,CIE-211222-ALZCap - Morning Run -Byrun,1381,0
02122022-1381,CIE-211222-BCHat V Elite - Circle C-Boreal-60cm/58CM,1380,1
02122022-1380,CIE-211222-RDCap Elite - Circle C-Earthship,1379,0
02122022-1379,CIE-211222-GOCap Elite - Circle C -Boreal,1378,0
02122022-1378,Backdrop Boonie-PO38066,1377,0
02122022-1377,Backdrop Boonie-PO38066,1376,0
02122022-1376,TTD-011222-251-Trung Việt,1375,0
01122022-1375,TTD-011222-092-Hằng Phong,1374,0
01122022-1374,TTDSTK-221121-NAVY BLUE,1373,0
01122022-1373,TTDSTK-221121,1372,0
01122022-1372,CIE-211222-ALZCap Carbon - Iconic VC-Corman,1371,0
01122022-1371,CIE-211222-ALZCap Carbon - Iconic VC-Belmont,1370,0
01122022-1370,CIE-211222-ALZCap - Morning Run -Quasi Edition,1369,0
01122022-1369,CIE-211222-ALZCap Carbon - Iconic VC-Steeldan,1368,0
01122022-1368,DYC-US-221125-La Sandwicherie-670,1367,0
01122022-1367,AD-221124-BDNA 6,1366,0
30112022-1366,TTD-301122-250-Trung Việt,1365,1
30112022-1365,SMU-WIDE BRIM NO FLY ZONE HAT-PO66,1364,0
30112022-1364,TTD-301122-091-Hằng Phong,1363,0
30112022-1363,DYC-US-221117-E11even Vodka-665,1362,0
30112022-1362,TTD-291122-249-Trung Việt,1361,1
30112022-1361,TTD-291122-249-Trung Việt,1360,1
29112022-1360,TTD-241122-090-Hằng Phong,1359,1
28112022-1359,AD-221124-BDNA 6,1358,0
28112022-1358,TTD-281122-223-KQ,1357,0
28112022-1357,TTD-281122-248-Trung Việt,1356,1
28112022-1356,TTD-281122-005-Anh Sơn,1355,0
26112022-1355,CIE-211222-GOCap Elite - Circle C -Boreal,1354,0
26112022-1354,HM-221126-1903 CAP 004,1353,1
26112022-1353,CIE-220607-Made X for 7Mesh-GC Hot Fawn,1352,0
26112022-1352,CIE-220607-Made X for 7Mesh-GC Hinterland-v2,1351,0
26112022-1351,CIE-220607-Made X for 7Mesh-GC Boreal,1350,0
26112022-1350,VIỀN DỰ TRỮ,1349,0
26112022-1349,TTD-261122-247-Trung Việt,1348,1
26112022-1348,DYC-CH1-220909-No 8 Bed & Bar-Opt07-v1,1347,0
25112022-1347,CIE-221027-Naak,1346,0
25112022-1346,HM-221123-ASF,1345,1
25112022-1345,TTD-251122-246-Trung Việt,1344,1
25112022-1344,REI23-PO64	Sahara Path Hat,1343,0
25112022-1343,CIE-211222-GOCap Elite - Circle C -Polaris,1342,0
25112022-1342,TTD-251122-245-Trung Việt,1341,1
25112022-1341,CIE-211222-GOCap SC - Badge Plus-Trooper,1340,0
25112022-1340,DYC-US-221117-IYC-666,1339,0
25112022-1339,Movement club 12 - Đai,1338,0
25112022-1338,TTD-241122-244-Trung Việt,1337,1
24112022-1337,DYC-US-221117-IYC-666,1336,0
24112022-1336,TTD-241122-090-Hằng Phong,1335,0
23112022-1335,Rolex Grand Slam,1334,1
23112022-1334,TTD-231122-243-Trung Việt,1333,1
23112022-1333,TTD-221122-242-Trung Việt,1332,1
22112022-1332,DYC-CH1-220913-Farinet Verbier-Opt03-v1,1331,0
22112022-1331,TTD-221122-222-KQ,1330,1
21112022-1330,TTD-181122-055-Quãng Viễn.,1329,1
21112022-1329,DYC-US-221001-The Rose 83-644-v1,1328,0
21112022-1328,TTD-211122-241-Trung Việt,1327,1
21112022-1327,DYC-US-221116-Alpreneur-664,1326,0
21112022-1326,DYC-US-221020-Origins-653,1325,0
21112022-1325,JP-221027-ASUKA 2022 WHITE / BLACK,1324,1
21112022-1324,JP-221027-ASUKA 2022 BLACK,1323,1
21112022-1323,DYC-US-220816-Luence-614-Pocket-v1,1322,1
21112022-1322,DYC-US-220816-Luence-614-Opt02-v1,1321,0
21112022-1321,TTD-211122-220-KQ,1320,1
21112022-1320,TTD-211122-089-Hằng Phong,1319,1
21112022-1319,DYC-CH1-220913-Farinet Verbier-Opt03-v1,1318,0
19112022-1318,CIE-211222-ALZCap - Morning Run- Pinard,1317,0
19112022-1317,CIE-211222-GOCap Carbon - Speed Play-Corman,1316,0
19112022-1316,CIE-211222-RDCap SC - Velocity Box-Whitaker,1315,0
19112022-1315,TTD-191122-240-Trung Việt,1314,1
19112022-1314,FW22-ULTRA ADVENTURE STORM HAT- PO 38003,1313,0
19112022-1313,SA-133-Ultra Trail Cap,1312,0
19112022-1312,SA-38076-Ultra Trail Cap,1311,0
19112022-1311,SA-38076-Ultra Trail Cap,1310,1
19112022-1310,TTDKTY-221107-MOVEMENT,1309,0
19112022-1309,CIE-211222-GOCap - DFL-Whitaker,1308,0
19112022-1308,DYC-CH1-220909-No 8 Bed & Bar-Opt04-v1 & Opt06,1307,0
19112022-1307,DYC-US-221111-BlackTiph-662-Opt01,1306,0
18112022-1306,DYC-CH1-221026-Rebellion-Opt08,1305,0
18112022-1305,TSA-181122-067-Trung Việt,1304,1
18112022-1304,PH-221012-MASE FOAM BROWN,1303,0
18112022-1303,TTD-181022-013-Anh Hùng,1302,1
18112022-1302,TTD-181122-219-KQ,1301,1
18112022-1301,TTD-181122-055-Quãng Viễn.,1300,0
18112022-1300,CIE-211222-PYNCap - Standard Stripe Small-Shadowcast,1299,0
18112022-1299,TTD-181122-088-Hằng Phong,1298,1
18112022-1298,CIE-211222-PYNCap - Standard Stripe Small-Ghost SM,1297,0
18112022-1297,CIE-211222-PYNCap - Standard Stripe Small-Ghost LXL,1296,0
18112022-1296,Ultra Storm Boonie-Mineral- PO 38003,1295,1
18112022-1295,Ultra Storm Boonie-Shadow- PO 38003,1294,1
18112022-1294,CIE-211222-BKTHat - DFL-Ecolier-60cm,1293,0
18112022-1293,CIE-211222-BKTHat - DFL-Ecolier-56.5cm,1292,0
18112022-1292,DYC-CH1-221026-Rebellion-Opt07,1291,0
18112022-1291,DYC-US-221001-The Rose 83-644-v1,1290,0
18112022-1290,TTD-181122-239-Trung Việt,1289,1
18112022-1289,CIE-211222-BKTHat - DFL-Whitaker-56.5cm,1288,0
18112022-1288,CIE-211222-BKTHat - DFL-Whitaker-60cm,1287,0
18112022-1287,CIE-211222-GOCap - DFL-Ecolier,1286,0
18112022-1286,CIE-211222-ALZCap SC - Pack-Leopold,1285,0
18112022-1285,CIE-211222-ALZCap SC - Pack-Leopold,1284,1
18112022-1284,CIE-211222-ALZCap SC - Pack-Minter,1283,0
17112022-1283,TTD-171122-087-Hằng Phong,1282,1
17112022-1282,XA-303-PEGASUS_v1,1281,1
17112022-1281,PH-221012-MASE FOAM BROWN,1280,1
17112022-1280,TTD-161122-237-Trung Việt,1279,1
17112022-1279,DYC-CH1-221026-Rebellion-Opt01,1278,0
17112022-1278,DYC-CH1-221026-Rebellion-Opt03,1277,1
16112022-1277,DYC-CH1-221026-Rebellion-Opt03,1276,0
16112022-1276,DYC-CH1-221026-Rebellion-Opt04,1275,0
16112022-1275,DYC-CH1-221026-Rebellion-Opt05,1274,0
16112022-1274,DYC-CH1-221026-Rebellion-Opt06,1273,0
16112022-1273,DYC-CH1-221111-A Buzzurro,1272,0
16112022-1272,R2B-125-AC22091812 AG_v1,1271,0
16112022-1271,TTD-161122-218-KQ,1270,1
16112022-1270,DYC-US-221104-Holman-660-Opt01,1269,0
16112022-1269,TTD-161122-086-Hằng Phong,1268,1
16112022-1268,TTD-161122-086-Hằng Phong,1267,1
15112022-1267,TSA-121122-065-Trung Việt,1266,1
15112022-1266,TTD-151122-236-Trung Việt,1265,1
15112022-1265,CIE-220519 - WBKTHat - Iconic Athletics Mars One SM (SMS),1264,0
15112022-1264,CIE-220519 - WBKTHat - Iconic Athletics Cormon LXL (SMS),1263,0
15112022-1263,CIE-220519 - WBKTHat - Iconic Athletics Sable LXL (SMS),1262,0
15112022-1262,CIE-220519 - WBKTHat - Iconic Athletics Sable LXL (SMS),1261,0
15112022-1261,CIE-211222-GOCap SC - Badge Plus-October,1260,0
15112022-1260,CIE-211222-ALZCap Carbon SC - Sunday Love-Sable,1259,0
15112022-1259,AD-221020-IRENA ILCHEVA 1,1258,0
15112022-1258,DYC-US-221013-Kessler Gestion-650,1257,0
15112022-1257,TTD-151122-215-KQ,1256,1
15112022-1256,TTD-220922-MIZUNO 52KW22500001-WH / TTD-220922-MIZUNO 52KW21060001-WH,1255,0
15112022-1255,TTD-220922-MIZUNO 52KW22500014-NY/BK,1254,0
15112022-1254,VIỀN DỰ TRỮ,1253,1
15112022-1253,TTDKTY-221021-MOVEMENT,1252,1
14112022-1252,CIE-211222-ALZCap Carbon SC - Sunday Love-Whitaker,1251,1
14112022-1251,TTD-141122-214-KQ,1250,1
14112022-1250,TTD-141122-235-Trung Việt,1249,1
14112022-1249,HM-221107-FP / AD-221020-IRENA ILCHEVA 1,1248,1
14112022-1248,TTDKTY-221109-VS520,1247,0
14112022-1247,HM-221107-FP,1246,0
14112022-1246,DYC-US-221011-Sella-649,1245,0
12112022-1245,TTD-121122-085-Hằng Phong,1244,1
12112022-1244,TSA-121122-065-Trung Việt,1243,1
12112022-1243,TTD-121122-234-Trung Việt,1242,1
12112022-1242,TTD-220922-MIZUNO 52KW21060009-BK,1241,0
11112022-1241,CIE-211222-RDCap SC - Velocity Box-Seaton,1240,0
11112022-1240,TTD-111122-212-KQ,1239,1
11112022-1239,TTD-111122-233-Trung Việt,1238,1
11112022-1238,DYC-US-221104-Holman-660-Opt03,1237,1
11112022-1237,DYC-US-221104-Holman-660-Opt02,1236,0
11112022-1236,TTD-221004-SHONDO NONSH04 / NONSH21,1235,0
11112022-1235,R2B-124-AC22101956 ETRAXA,1234,0
11112022-1234,MD-221107-MBA DAMEN,1233,1
11112022-1233,TTD-111122-233-Trung Việt,1232,1
11112022-1232,DYC-CH1-220926-Rebellion Dakar 2023-v1,1231,0
10112022-1231,TSA-051122-064-Trung Việt,1230,1
10112022-1230,TTD-101122-210-KQ,1229,1
10112022-1229,TTD-101122-232-Trung Việt,1228,1
10112022-1228,TTD-091122-231-Trung Việt,1227,1
10112022-1227,DYC-CH1-220927-Xtreme Sports Verbier-Opt02,1226,0
09112022-1226,CIE-220519 - FLTCap WND - Ultra Iconic Whitaker LXL,1225,0
09112022-1225,CIE-220519 - GOCap Sherpa - Ultra Iconic Acres,1224,0
09112022-1224,CIE-220519 - FLTCap WND - Ultra Iconic Whitaker LXL,1223,0
09112022-1223,TTD-091122-209-KQ,1222,1
09112022-1222,TTD-081122-230-Trung Việt,1221,1
09112022-1221,TTDKTY-221026-Movement,1220,0
09112022-1220,TTD-081122-230-Trung Việt,1219,1
09112022-1219,TTD-091122-054-Quãng Viễn.,1218,1
09112022-1218,Brusheline Bucket -SA - PO 38067,1217,1
08112022-1217,DYC-CH1-220913-Farinet Verbier-Opt02,1216,0
08112022-1216,TTD-081122-208-KQ,1215,1
08112022-1215,TTD-081122-053-Quãng Viễn.,1214,1
08112022-1214,DYC-CH1-220921-Rebellion-Opt01,1213,1
08112022-1213,CIE-211222-GOCap SC - Badge Plus-October,1212,1
07112022-1212,CIE-211222-PBCap - Century Bar-RedRocks-60cm,1211,0
07112022-1211,CIE-211222-GOCap SC - WWMCity -Boston,1210,0
07112022-1210,CIE-211222-GOCap SC - WWMCity -Los Angeles,1209,0
07112022-1209,CIE-211222-GOCap Elite - Circle C -Shadowcast,1208,0
07112022-1208,CIE-211222-PBCap - Century Bar-Whitaker-60cm,1207,0
07112022-1207,CIE-211222-GOCap SC - WWMCity -Paris,1206,0
07112022-1206,CIE-211222-GOCap SC - WWMCity -Tokyo,1205,0
07112022-1205,CIE-211222-GOCap SC - WWMCity -London,1204,1
07112022-1204,CIE-211222-GOCap SC - Badge Plus-Trooper,1203,0
07112022-1203,TTD-081122-229-Trung Việt,1202,1
07112022-1202,CIE-211222-GOCap SC - Badge Plus-Whitaker,1201,0
07112022-1201,CIE-211222-GOCap SC - Badge Plus-Trooper,1200,1
07112022-1200,TTDKTY-221021-VS520-White-Cactus Slide,1199,1
07112022-1199,TTDKTY-221021-VS520-White-Flamingo Slide,1198,1
07112022-1198,TTDKTY-220928-VS520-White-Cactus Slide,1197,1
07112022-1197,TTDKTY-220928-VS520-White-Flamingo Slide,1196,1
07112022-1196,DYC-US-221004-Worth Avenue Yachts-646-Opt01,1195,0
07112022-1195,TTD-071122-206-KQ,1194,1
07112022-1194,DYC-US-221004-Worth Avenue Yachts-646-Opt02,1193,0
07112022-1193,DYC-US-221102-Holman-659-Opt01/opt2,1192,0
07112022-1192,DYC-US-221102-Holman-659-Opt03,1191,0
07112022-1191,TTD-051122-227-Trung Việt,1190,1
07112022-1190,DYC-CH1-220926-Sto Bene Partners,1189,0
07112022-1189,TTD-071122-228-Trung Việt,1188,1
05112022-1188,REI23-PO64	Sahara Guide Hat,1187,0
05112022-1187,XA-305-CONEXTIVITY,1186,0
05112022-1186,HM-221019-STATUS1 DENIM,1185,1
05112022-1185,DYC-CH1-220926-Sto Bene Partners,1184,0
05112022-1184,DYC-CH1-220926-Dance Area Geneva,1183,0
05112022-1183,TTD-051122-205-KQ,1182,1
05112022-1182,TTD-221101-BIS,1181,0
04112022-1181,DYC-CH1-220929-Farm Club Verbier-Opt07-v1,1180,0
04112022-1180,DYC-US-220909-La Santa Taqueria-631,1179,0
04112022-1179,DYC-CH1-220929-Mountain Air Verbier-Opt02,1178,0
04112022-1178,DYC-CH1-220622-Rebellion-Opt01,1177,0
04112022-1177,DYC-CH1-221026-Dyna Ecosol,1176,0
04112022-1176,TTD-041122-204-KQ,1175,1
04112022-1175,TTD-031122-226-Trung Việt,1174,1
04112022-1173,TTD-041122-225-Trung Việt,1172,1
04112022-1172,Sun Tripper Cap-PO 38074,1171,0
03112022-1171,TTD-031122-042-CH,1170,1
03112022-1170,TTD-031122-224-Trung Việt,1169,1
03112022-1169,DYC-CH1-220622-Rebellion-Opt01,1168,0
03112022-1168,Brusheline Bucket -SA - PO 38067,1167,0
03112022-1167,DYC-CH1-220921-Le Carrefour- Opt1-v2,1166,0
03112022-1166,TTDKTY-221021-VS520-White-Leopard Slide,1165,0
03112022-1165,TTDKTY-220928-VS520-White-Leopard Slide,1164,1
03112022-1164,DYC-CH1-220929-Mountain Air Verbier-Opt01,1163,0
02112022-1163,Kids' Artist Series Trucker-ML-Pond Party-PO125,1162,0
02112022-1162,TTD-021122-223-Trung Việt,1161,1
02112022-1161,Ultra Escape Boonie-38075-SS23 - 4th buy-,1160,1
02112022-1160,TTD-021122-222-Trung Việt,1159,1
02112022-1159,TTD-021122-222-Trung Việt,1158,1
02112022-1158,TTD-011122-041-CH,1157,1
01112022-1157,TTD-011022-221-Trung Việt,1156,1
01112022-1156,DYC-US-221026-Doroni-655,1155,0
01112022-1155,DYC-CH1-220929-Farm Club Verbier-Opt07-v1/DYC-CH1-220929-Mountain Air Verbier-Opt02,1154,1
31102022-1154,TTD-311022-052-Quãng Viễn.,1153,1
31102022-1153,TTD-311022-084-Hằng Phong,1152,1
31102022-1152,TTD-311022-201-KQ,1151,1
31102022-1151,DYC-US-221026-Villa Azur-654,1150,1
31102022-1150,TSA-311022-063-Trung Việt,1149,1
31102022-1149,TTD-311022-220-Trung Việt,1148,1
31102022-1148,TTDKTY-221021-VS520-True Red-Slide,1147,1
31102022-1147,TTDKTY-220928-VS520-True Red-Slide / TTDKTY-220928-VS520-Pastel Lilac-Slide,1146,1
31102022-1146,DYC-US-220919-Reidar Dao-638,1145,1
31102022-1145,DYC-US-221026-Villa Azur-654,1144,0
31102022-1144,DYC-CH1-220929-Yachticea,1143,1
31102022-1143,DYC-CH1-220927-Xtreme Sports Verbier-Opt07,1142,1
29102022-1142,TTD-291022-219-Trung Việt,1141,1
29102022-1141,UV Pro Boonie-OS-PO 78,1140,1
28102022-1140,TTD-281022-218-Trung Việt,1139,1
28102022-1139,TTDKTY-221021-Blank,1138,1
28102022-1138,TTDKTY-221021-VS520,1137,0
28102022-1137,TTDKTY-220928-VS520,1136,1
28102022-1136,DYC-US-220919-Blacktiph-635-Opt01/03/04,1135,0
28102022-1135,TTD-281022-217-Trung Việt,1134,1
28102022-1134,TTD-281022-200-KQ,1133,1
27102022-1133,ĐAI-VIỀN dự trữ,1132,0
27102022-1132,TSA-281022-062-Trung Việt,1131,1
27102022-1131,TTD-271022-216-Trung Việt,1130,1
27102022-1130,TTD-071022-184-KQ,1129,1
27102022-1129,TTD-271022-216-Trung Việt,1128,1
27102022-1128,TTD-271022-198-KQ,1127,1
27102022-1127,DYC-US-220901-Lightning Transport-627-Opt09,1126,1
27102022-1126,TTD-271022-083-Hằng Phong,1125,1
27102022-1125,TTD-271022-082-Hằng Phong,1124,1
26102022-1124,DYC-CH1-220921-Rebellion-Opt02-03-04,1123,1
26102022-1123,UV Pro Vented Safari-Khaki-OS-PO 78,1122,1
26102022-1122,UV Pro Crusher Cape Cap-PO 78,1121,0
26102022-1121,WM2023-PO78- UV Pro Wide Brim,1120,0
26102022-1120,CIE-220618-CLB P3 Forest,1119,1
26102022-1119,DYC-US-220919-Wally Castro-636,1118,0
26102022-1118,TTD-261022-215-Trung Việt,1117,1
26102022-1117,XA-304-ECOLINT WHITE,1116,0
26102022-1116,XA-304-ECOLINT WHITE,1115,1
25102022-1115,TTD-251022-214-Trung Việt,1114,1
25102022-1114,TTD-251022-081-Hằng Phong,1113,1
25102022-1113,TTD-251022-080-Hằng Phong,1112,1
25102022-1112,TTD-251022-197-KQ,1111,1
25102022-1111,JP-220929-SUZUKI BASEBALL,1110,1
25102022-1110,TTD-251022-213-Trung Việt,1109,1
24102022-1109,TTD-241022-079-Hằng Phong,1108,1
24102022-1108,CZ68-221003-TRG,1107,1
24102022-1107,TTD-241022-212-Trung Việt,1106,1
24102022-1106,HM-220826-GARMIN,1105,1
22102022-1105,WM2023-PO78-UV Pro Vented Bucket,1104,0
22102022-1104,DYC-CH1-220909-Club de grimpe de Verbier,1103,1
22102022-1103,JP-220929-SUZUKI BASEBALL,1102,1
22102022-1102,TTD-221022-211-Trung Việt,1101,1
22102022-1101,TTD-221022-195-KQ,1100,1
21102022-1100,Ultra Storm Bucket - PO 38003,1099,1
21102022-1099,TTD-211022-210-Trung Việt,1098,1
21102022-1098,HM-220914-HAMBURG STEALERS,1097,1
21102022-1097,DYC-CH1-220921-Rebellion-Opt02-03-04,1096,0
21102022-1096,TTD-211022-209-Trung Việt,1095,1
21102022-1095,Ultra Storm Bucket-Mineral- PO 38003,1094,0
21102022-1094,TTD-211022-078-Hằng Phong,1093,1
20102022-1093,TTD-201022-208-Trung Việt,1092,1
20102022-1092,TSA-201022-061-Trung Việt,1091,1
20102022-1091,CIE-220519 - GOCap Elite - Circle C Westa,1090,1
20102022-1090,CIE-220519 - GOCap Elite - Circle C Lavacast,1089,1
20102022-1089,CIE-220519 - RDCap Elite - Circle C - Red Planet,1088,1
20102022-1088,CIE-220519 - GOCap Elite - Circle C Westa,1087,1
20102022-1087,DYC-CH1-220929-Farm Club Verbier-Opt09,1086,0
20102022-1086,DYC-CH1-220929-Farm Club Verbier-Opt07,1085,1
20102022-1085,DYC-US-220828-Mission of Action-623,1084,1
19102022-1084,TSA-181022-060-Trung Việt,1083,1
19102022-1083,HM-221012-BYSTRONIC RED,1082,0
19102022-1082,DYC-CH1-221012-Guggenmusik,1081,0
19102022-1081,DYC-CH1-220929-Farm Club Verbier-Opt02,1080,0
19102022-1080,DYC-US-220828-Monbarth-625-Opt08/opt09,1079,1
19102022-1079,TTD-191022-077-Hằng Phong,1078,1
19102022-1078,TTD-191022-207-Trung Việt,1077,1
18102022-1077,TTD-181022-076-Hằng Phong,1076,1
18102022-1076,TTD-181022-039-CH,1075,1
18102022-1075,TTD-171022-193-KQ,1074,1
18102022-1074,TTD-181022-206-Trung Việt,1073,1
18102022-1073,Sahara SunHat With Cape - REI23-PO64,1072,0
18102022-1072,DYC-US-220608-Soflo-621-Opt03-v1,1071,0
17102022-1071,TTD-171022-193-KQ,1070,1
17102022-1070,BF-221013-HERTHA BSC,1069,0
17102022-1069,TTD-171022-075-Hằng Phong,1068,1
17102022-1068,TTD-171022-204-Trung Việt,1067,1
17102022-1067,TTD-221005-Hardcore + DYC-CH1-221012-Guggenmusik,1066,0
17102022-1066,TTD-221005-Hardcore,1065,0
17102022-1065,DYC-CH1-221012-Guggenmusik,1064,1
17102022-1064,DYC-US-221011-305 Films-648-Opt08,1063,0
17102022-1063,DYC-US-221011-305 Films-648-Opt07,1062,0
17102022-1062,DYC-US-220919-Soflo Jeeps-637-Opt02,1061,0
17102022-1061,CIE-220519 - BCHat V Elite - Circle C Sable LXL/SM,1060,1
17102022-1060,HM-221012-BYSTRONIC RED,1059,0
17102022-1059,TTD-171022-075-Hằng Phong,1058,1
17102022-1058,Sahara Cap with Cape-Army Cot Green-PO64,1057,1
15102022-1057,CIE-220519 - ALZCap Carbon - Iconic VC Lakaga,1056,1
15102022-1056,CIE-220519 - GOCap Elite - Circle C Lavacast,1055,1
15102022-1055,CIE-220519 - RDCap Elite - Circle C - Red Planet Red Planet,1054,1
15102022-1054,CIE-220519 - RDCap Elite - Circle C Lavacast,1053,1
15102022-1053,CIE-220519 - GOCap - RCC Peat,1052,1
15102022-1052,CIE-220519 - GOCap SC - Winc Sable,1051,1
15102022-1051,CIE-220519 - GOCap - RCC Bigsky,1050,1
15102022-1050,CIE-220519 - GOCap - RCC Fourche,1049,1
15102022-1049,CIE-220519 - ALZCap Carbon - Iconic VC Occi,1048,1
15102022-1048,TTD-151022-203-Trung Việt,1047,1
15102022-1047,DYC-AU-220920-Paradigm-Opt02,1046,1
15102022-1046,DYC-AU-220920-Paradigm-Opt02,1045,1
15102022-1045,DYC-AU-220831-Whisky Lullaby,1044,1
15102022-1044,TTD-151022-203-Trung Việt,1043,1
14102022-1043,Bù Norda,1042,1
14102022-1042,CIE-220309-Norda 2022,1041,1
14102022-1041,DYC-AU-221001-Black6,1040,0
14102022-1040,TTD-141022-191-KQ,1039,1
14102022-1039,DYC-US-220901-Lightning Transport-627-Opt10,1038,0
14102022-1038,R2B-119-AC22091759 BLUE FACTORY NAVY/WHITE,1037,0
14102022-1037,DYC-AU-220920-Paradigm-Opt02,1036,0
14102022-1036,CIE-220519 - BCHat V Elite - Circle C Shadowcast LXL/SM,1035,1
14102022-1035,TTD-141022-074-Hằng Phong,1034,1
14102022-1034,TTD-141022-074-Hằng Phong,1033,1
14102022-1033,TTD-141022-202-Trung Việt,1032,1
13102022-1032,WM2023-PO78	UV Pro Vented Safari,1031,1
13102022-1031,WM2023-PO78	UV Pro Vented Bucket,1030,1
13102022-1030,WM2023-PO78	UV Pro Crusher Cape Cap,1029,1
13102022-1029,WM2023-PO78	UV Pro Boonie,1028,1
13102022-1028,UV Pro Wide Brim-PO78,1027,1
13102022-1027,Sahara Cap with Cape-PO64,1026,1
13102022-1026,Screenline Cap-Asphalt-OS-PO64,1025,1
13102022-1025,Sahara Path Hat-PO64,1024,0
13102022-1024,Sahara Guide Hat-PO64,1023,1
13102022-1023,Wide Brim No Fly Zone Hat-Tan-LXL-PO66,1022,0
13102022-1022,DYC-US-220828-Monbarth-625-Opt06/opt07,1021,1
13102022-1021,CIE-220519 - SMS,1020,1
13102022-1020,CIE-220519 - PYNCap - Iconic VC Moya LXL CIE-220519 - PYNCap - Iconic VC Minde SM CIE-220519 - PYNCap - Iconic VC Sanyon SM,1019,1
13102022-1019,CIE-220519 - SMS,1018,1
13102022-1018,SMS-CIELE-CIE-220519 - FSTCap SC - Clean Shadowcast CIE-220519 - GOCap SC - Winc Whitaker CIE-220519 - GOCap - Over Red Earth CIE-220519 - GOCap - Over Shadowcast CIE-220519 - CRWCap SC - Clean Shadowcast CIE-220519 - GOCap SC - Clean Shadowcast,1017,1
13102022-1017,DYC-US-221004-E11even,1016,0
13102022-1016,JP-221004-SODASHI EARS,1015,1
13102022-1015,DYC-AU-220831-Whisky Lullaby,1014,1
13102022-1014,DYC-AU-220920-Paradigm-Opt01,1013,0
13102022-1013,DYC-US-220901-Lightning Transport-627-Opt09,1012,1
13102022-1012,TTD-061022-196-Trung Việt,1011,1
13102022-1011,TTD-121022-201-Trung Việt,1010,1
13102022-1010,TTD-131022-012-Anh Hùng,1009,1
12102022-1009,DYC-CH1-220927-Xtreme Sports Verbier-Opt04,1008,0
12102022-1008,DYC-US-220828-Wally Castro-624-Opt04,1007,0
12102022-1007,DYC-US-220818-Boston Whaler-620,1006,0
12102022-1006,MOVEMENT-TTDKTY-ST570,1005,1
12102022-1005,TTDKTY-220825-BK585-Khaki..,1004,1
12102022-1004,TTD-061022-070-Hằng Phong,1003,1
12102022-1003,TTDKTY-220901-ST570,1002,1
12102022-1002,DYC-US-220828-Monbarth-625-Opt07,1001,0
12102022-1001,DYC-US-220828-Monbarth-625-Opt06,1000,0
12102022-1000,TTDKTY-220928-VV520-Black-Velcro,999,0
12102022-999,TTD-121022-189-KQ,998,1
11102022-998,TTD-111022-200-Trung Việt,997,1
11102022-997,TTD-111022-073-Hằng Phong,996,1
11102022-996,SA-38098-Kids Play Hat-Citrus-Hot-Pink-Lilac-Morning Birds-Navy Stripe,995,0
11102022-995,TTD-111022-051-Quãng Viễn.,994,1
10102022-994,TTD-031022-069-Hằng Phong,993,1
10102022-993,TTD-101022-199-Trung Việt,992,1
10102022-992,DYC-US-220828-Monbarth-625-Opt04/Opt05,991,1
10102022-991,DYC-US-220828-Monbarth-625-Opt03,990,1
10102022-990,TTD-031022-069-Hằng Phong,989,1
10102022-989,TTD-101022-072-Hằng Phong,988,1
10102022-988,SA-38098-Kids Play Hat-Space Explorer	Royal / Royal	Beach Day	Birds of Prey	Blossom	Butterfly Dream,987,0
10102022-987,SA-38098-Kids Play Hat-Quarry,986,0
10102022-986,TTD-101022-187-KQ,985,1
10102022-985,TTD-101022-199-Trung Việt,984,1
10102022-984,TTDKTY-220825-BK585-Khaki-VimHue,983,1
10102022-983,TTD-081022-198-Trung Việt,982,1
10102022-982,SA-38098-Kids Play Hat-Pollinator,981,0
10102022-981,SA-38098-Kids Play Hat-Wild River,980,0
08102022-980,VIỀN IN,979,1
08102022-979,TSA-081022-059-Trung Việt,978,1
08102022-978,TTD-081022-185-KQ,977,1
08102022-977,TTD-081022-198-Trung Việt,976,1
08102022-976,JP-220915-DO DEUCE,975,1
08102022-975,SA-38053-Sun Guide Cap,974,1
07102022-974,TTD-081022-071-Hằng Phong,973,1
07102022-973,TTD-061022-070-Hằng Phong,972,1
07102022-972,DYC-CH1-220921-Rebellion-Opt01,971,0
07102022-971,DYC-US-220828-Family & Friends Fishing-622,970,0
07102022-970,DYC-US-220828-Family & Friends Fishing-622,969,1
07102022-969,ROV-220525-RABBIT HOLE PG04 GREEN_v1,968,0
07102022-968,ROV-220525-RABBIT HOLE PG04 RED_v1,967,0
07102022-967,ROV-220525-RABBIT HOLE PG04 DENIM_v1,966,0
07102022-966,ROV-220525-RABBIT HOLE PG06 GREY/LILAC/PG4 NAVY,965,0
07102022-965,ROV-220525-RABBIT HOLE PG12 GREY_v1,964,0
07102022-964,ROV-220525-RABBIT HOLE PG12 WHITE_v1,963,0
07102022-963,ROV-220525-RABBIT HOLE PG08 NAVY_v1,962,0
07102022-962,ROV-220525-RABBIT HOLE PG08 GREY_v1,961,0
07102022-961,ROV-220525-RABBIT HOLE PG10_v1,960,0
07102022-960,ROV-220525-RABBIT ( Cấp phát cắt đồng bộ Tone với lót mặt ),959,0
07102022-959,TTD-071022-011-Anh Hùng,958,1
07102022-958,TTD-061022-196-Trung Việt,957,1
07102022-957,TTD-071022-197-Trung Việt,956,1
07102022-956,HM-220826-GARMIN,955,0
07102022-955,TTD-061022-196-Trung Việt,954,1
07102022-954,TTD-071022-184-KQ,953,1
07102022-953,TTD-071022-184-KQ,952,1
07102022-952,TTD-061022-037-CH,951,1
06102022-951,TTD-061022-070-Hằng Phong,950,1
06102022-950,Viền Kate Brushed Nickel SA - REI2023,949,1
06102022-949,DYC-AU-220927-Techworks Plumbing,948,0
06102022-948,DYC-US-220901-Riviera Tennis Center-626-Opt11,947,0
06102022-947,HM-220629-FENDT,946,1
06102022-946,TTD-200922-Shondo,945,1
06102022-945,DYC-US-220901-Riviera Tennis Center-626-Opt09,944,0
06102022-944,DYC-US-220901-Riviera Tennis Center-626-Opt08,943,0
06102022-943,DYC-AU-220906-Grand Banks-Opt04,942,0
05102022-942,SS23-FLASH CAP-PO115 + Bù PO 38047,941,0
05102022-941,TTD-041022-050-Quãng Viễn.,940,1
05102022-940,TTD-051022-182-KQ,939,1
05102022-939,TTD-051022-195-Trung Việt,938,1
05102022-938,TTDKTY-220819-BK585-Perfectly Pale-Blank-Bù,937,1
04102022-937,HM-220927-FENDT,936,1
04102022-936,TTD-031022-069-Hằng Phong,935,0
04102022-935,CIE-220920-Madeby RC BK - Black-LXL,934,1
04102022-934,CIE-220920-Madeby RC BK - Black-SM,933,1
04102022-933,CIE-220920-Madeby RC GC - Black,932,1
04102022-932,CIE-220920-Madeby RC BK - Grey-LXL,931,1
04102022-931,CIE-220920-Madeby RC BK - Grey-SM,930,1
04102022-930,CIE-220920-Madeby RC GC - Grey,929,1
04102022-929,DYC-US-220828-Wally Castro-624-Opt03,928,0
04102022-928,TTD-041022-050-Quãng Viễn.,927,1
04102022-927,TTD-041022-194-Trung Việt,926,1
04102022-926,TTD-041022-180-KQ,925,1
04102022-925,DYC-AU-220906-Grand Banks-Opt04,924,1
04102022-924,TTD-290922-189-Trung Việt,923,1
03102022-923,TTD-041022-193-Trung Việt,922,1
03102022-922,Kids Ultra Adventure Hat-PO 38072,921,0
03102022-921,TTD-031022-192-Trung Việt,920,1
03102022-920,UV Pro Neck-Guard Hat - PO78,919,0
03102022-919,TTD-031022-179-KQ,918,1
03102022-918,ĐAI DỰ TRỮ,917,1
03102022-917,TTD-031022-069-Hằng Phong,916,1
01102022-916,TTD-011022-178-KQ,915,1
01102022-915,HM-220927-FENDT,914,1
01102022-914,TSA-011022-058-Trung Việt,913,1
01102022-913,BF-220928-FCS 5PANELS C1,912,1
01102022-912,DYC-US-220928-FGI-642,911,0
01102022-911,TTD-011022-191-Trung Việt,910,1
30092022-910,TTD-011022-068-Hằng Phong,909,1
30092022-909,DYC-US-220608-Soflo-621-Opt04-v1,908,1
30092022-906,SA-38055-ULTRA ADVENTURE HAT,905,1
30092022-905,TTD-300922-035-CH,904,1
30092022-904,ROV-220525-RABBIT HOLE PG07 /P11,903,0
30092022-903,TTD-300922-177-KQ,902,1
30092022-902,TTD-300922-190-Trung Việt,901,1
30092022-901,Flash Cap -OS -White,900,1
30092022-900,MOVEMENT-220914,899,1
30092022-899,TTDKTY-220914-BK,898,0
30092022-898,SA-38047-Flash Cap,897,1
30092022-897,DYC-US-220912-Denison-634-opt1,896,1
30092022-896,VIỀN DỰ TRỮ,895,1
29092022-895,TTD-230922-171-KQ,894,1
29092022-894,Shade Goddess Hat- PO 38056,893,0
29092022-893,TTD-290922-189-Trung Việt,892,1
29092022-892,DYC-US-220608-Soflo-621-Opt04-v1,891,1
29092022-891,TTD-280922-188-Trung Việt,890,1
29092022-890,DYC-CH1-220921-Le Corre Real Estate-Opt01-v1,889,1
29092022-889,VIỀN,888,1
29092022-888,DYC-US-220912-Denison-634-Opt01,887,1
29092022-887,TTD-280922-004-Anh Sơn,886,1
28092022-886,TTD-280922-004-Anh Sơn,885,1
28092022-885,SMU-WIDE BRIM NO FLY ZONE HAT-PO66,884,0
28092022-884,TSA-280922-057-Trung Việt,883,1
28092022-883,VIỀN DỰ TRỮ,882,1
28092022-882,TTD-280922-187-Trung Việt,881,1
27092022-881,TTD-270922-185-Trung Việt,880,1
27092022-880,TTD-270922-185-Trung Việt,879,1
27092022-879,CZ68-220615-Recycle Plastic Visor DK-Green CO(D2),878,1
27092022-878,ROV-220518-SB-SUEDE CANVAS,877,1
27092022-877,TTD-220817-BIS VINCOM HAT-56cm bù,876,1
27092022-876,TTD-270922-185-Trung Việt,875,1
27092022-875,DYC-US-220909-Double R Performance-632,874,1
27092022-874,DYC-US-220826-Vendome-609-Opt09,873,1
27092022-873,HM-220831-FTSVA TWEED,872,1
27092022-872,AD-220908-REDFILLS,871,1
27092022-871,TTD-270922-185-Trung Việt,870,1
27092022-870,TTD-260922-184-Trung Việt,869,1
27092022-869,TTD-270922-175-KQ,868,1
27092022-868,TTDKTY-220901-Movement,867,1
26092022-867,DYC-AU-220913-Lona,866,1
26092022-866,DYC-AU-220906-Grand Banks-Opt04,865,1
26092022-865,DYC-US-220912-Denison-634-Opt01,864,1
26092022-864,TTD-260922-174-KQ,863,1
26092022-863,Nhập Đai Dự Trữ,862,1
26092022-862,AD-220920-YELIR 11 - 12,861,1
26092022-861,AD-220920-YELIR 1,860,1
24092022-860,XA-298-CONEXTIVITY,859,1
24092022-859,TTD-240922-172-KQ,858,1
24092022-858,REI23-PO64,857,1
24092022-857,HM-220910-AUDI SPORT,856,1
24092022-856,DYC-AU-220906-Grand Banks-Opt01,855,1
24092022-855,AD-220908-REDFILLS WHITE SATIN,854,1
24092022-854,TTD-240922-003-Anh Sơn,853,1
24092022-853,TSA-240922-056-Trung Việt,852,1
23092022-852,Bù Thiên Đức,851,1
23092022-851,TTD-220701-Proper Cloth PO003-HA0408,850,1
23092022-850,TTD-220701-Proper Cloth PO003-HA0409,849,1
23092022-849,TTD-230922-171-KQ,848,1
23092022-848,TTD-220701-Proper Cloth PO003-HA0410,847,1
23092022-847,TTD-230922-183-Trung Việt,846,1
23092022-846,DYC-AU-220304-Ashco Energ...,845,1
23092022-845,TTD-230922-182-Trung Việt,844,1
23092022-844,TTD-230922-067-Hằng Phong,843,1
23092022-843,TTD-230922-034-CH,842,1
23092022-842,DYC-US-220912-FGI-633-Opt02,841,0
23092022-841,DYC-US-220912-FGI-633-Opt01,840,1
23092022-840,CIE-220309-Norda 2022,839,1
22092022-839,HM-220831-FTSVA TWEED,838,1
22092022-838,TTD-220922-181-Trung Việt,837,1
22092022-837,TTD-220922-180-Trung Việt,836,1
22092022-836,TTD-220922-066-Hằng Phong,835,1
22092022-835,AD-220908-REDFILLS IR PATTERN,834,1
22092022-834,TTD-220922-170-KQ,833,1
22092022-833,JP-220830-BMW 2022 GRAPHITE / White,832,1
21092022-832,HM-220910-PANOPTES,831,1
21092022-831,TTD-220912-SHONDO NONSH25,830,1
21092022-830,DYC-US-220809-Alpreneur-612-v1,829,1
21092022-829,JP-220824-KONGO,828,1
21092022-828,R2B-116-AC22081643 CHOPARD,827,1
21092022-827,TTD-210922-179-Trung Việt,826,1
21092022-826,TTD-210922-178-Trung Việt,825,1
21092022-825,TTDKTY-220901-Movement,824,1
21092022-824,TTD-210922-179-Trung Việt,823,1
21092022-823,TTD-210922-065-Hằng Phong,822,1
21092022-822,DYC-AU-220822-BAY RD BREWING-Opt06,821,1
21092022-821,DYC-AU-220304-Ashco Energ...,820,1
20092022-820,DYC-CH1-220901-La Cordée des Alpes,819,1
20092022-819,Sun Guide Cap-Sand- PO 38053,818,0
20092022-818,SA-38056-Shade Goddess Hat,817,1
20092022-817,TTD-200922-169-KQ,816,1
20092022-816,TTD-200922-178-Trung Việt,815,1
20092022-815,TSA-200922-055-Trung Việt,814,1
20092022-814,DYC-AU-220831-Tait Motors,813,1
20092022-813,JP-220823-ASUKA BLACK,812,1
20092022-812,DYC-CH1-220806-La Marlénaz SARL-D1,811,1
20092022-811,DYC-AU-220304-Ashco Energy-Opt02-v2,810,1
20092022-810,Screenline Cap-Asphalt-OS-PO64,809,0
20092022-809,TTD-200922-177-Trung Việt,808,1
20092022-808,TTDKTY-220901-Movement,807,1
19092022-807,HM-220910-SKULL 001/002,806,1
19092022-806,CZ68-220615-Recycle Plastic Visor DK-Green NEW MICROFIBER and NEW SWEATBAND,805,1
19092022-805,TTD-200922-177-Trung Việt,804,1
19092022-804,TTD-190922-168-KQ,803,1
19092022-803,TTD-190922-176-Trung Việt,802,1
19092022-802,TTD-190922-064-Hằng Phong,801,1
19092022-801,TTD-190922-002-Anh Sơn,800,1
19092022-800,CIE-220519 - GOCap - RUN in Peace Dove,799,1
19092022-799,TTD-190922-002-Anh Sơn,798,1
14092022-798,TTD-140922-063-Hằng Phong,797,1
14092022-797,HM-220826-ZIMMEREI KIDS,796,1
13092022-796,TTD-130922-175-Trung Việt,795,1
13092022-795,JP-220823-ASUKA BLACK,794,1
13092022-794,TTD-130922-062-Hằng Phong,793,1
13092022-793,TTD-130922-062-Hằng Phong,792,1
13092022-792,TTD-220822-SHONDO NONSH03 / TTD-220822-SHONDO NONSH10,791,1
13092022-791,TTD-130922-174-Trung Việt,790,1
13092022-790,TSA-130922-054-Trung Việt,789,1
13092022-789,CZ68-220615-Recycle Plastic Visor Blue Navy NEW MICROFIBER and NEW SWEATBAND,788,1
13092022-788,CZ68-220615-Recycle Plastic Visor Warm Grey NEW MICROFIBER and NEW SWEATBAND,787,1
12092022-787,SA-38044-Brushline Bucket,786,0
12092022-786,CIE-220519 - GOCap - RUN in Peace Cabri,785,1
12092022-785,CIE-220519 - GOCap - RUN in Peace Shim,784,1
12092022-784,CIE-220519 - GOCap - RUN in Peace Dove,783,1
12092022-783,CIE-220519 - ALZCap - Velocity Box Shim,782,1
12092022-782,CIE-220519 - ALZCap - Velocity Box Occi,781,1
12092022-781,TTD-120922-173-Trung Việt,780,1
12092022-780,TSA-120922-053-Trung Việt,779,1
10092022-779,TTD-100922-166-KQ,778,1
10092022-778,TTD-100922-166-KQ,777,1
10092022-777,TTD-090922-001-Anh Sơn,776,1
09092022-775,TTD-090922-172-Trung Việt,774,1
09092022-774,TTD-080922-171-Trung Việt,773,1
09092022-773,TTD-090922-165-KQ,772,1
09092022-772,TTD-220701-Proper Cloth PO003-HA0414,771,1
09092022-771,TTD-220701-Proper Cloth PO003-HA0413,770,1
09092022-770,TTD-220701-Proper Cloth PO003-HA0412,769,1
09092022-769,TTD-220701-Proper Cloth PO003-HA0411,768,1
09092022-768,TTDSTK-220905-MOVEMENT,767,1
09092022-767,DYC-US-220803-Wally Castro-606,766,1
09092022-766,DYC-CH1-220806-La Marlénaz SARL,765,1
08092022-765,SA-38053-Sun Guide Cap,764,0
08092022-764,TTDKTY-220825-Movement,763,1
08092022-763,DYC-US-220816-Mad Club-615-Opt09,762,1
08092022-762,JP-220822-JAPAN CUP 2022 BROWN,761,1
08092022-761,JP-220824-JAPAN CUP 2022 VEGAS GOLD,760,1
08092022-760,JP-220905-BLUE IMPULSE ARMY OLIVE,759,1
08092022-759,CIE-220519 - PBCap - Century Bar Tuck,758,1
08092022-758,CIE-220519 - GOCap SC - Badge Plus Scout,757,1
08092022-757,CIE-220519 - GOCap SC - Badge Plus Caralatte,756,1
08092022-756,CIE-220519 - ALZCap - Velocity Box Red Planet,755,1
08092022-755,CIE-220519 - GOCap SC - Badge Plus Uniform / CIE-220519 - PBCap - Century Bar Baptisia,754,1
08092022-753,TTD-080922-061-Hằng Phong,752,1
07092022-752,TTD-080922-170-Trung Việt,751,1
07092022-751,SA-38056-ĐAI,750,1
07092022-750,TTD-070922-169-Trung Việt,749,1
07092022-749,ROV-220518-SB-MOUNTAIN VIEW GOLFER DENIM,748,1
07092022-748,DYC-619-OPT9,747,1
07092022-747,DYC-AU-220825-Live Life Get Active,746,1
07092022-746,DYC-CH1-220506-Le Rouge-Opt09/OPT8,745,1
07092022-745,DYC-CH1-220506-Le Rouge-Opt12,744,1
07092022-744,TTD-070922-060-Hằng Phong,743,1
07092022-743,DYC-CH1-220512-Air-Glaciers,742,1
07092022-742,DYC-US-220816-Mad Club-615-Opt02,741,1
07092022-741,DYC-US-220816-Honda-616,740,1
06092022-740,MD-220816-STAWAG,739,1
06092022-739,ĐAI DỰ TRỮ,738,1
06092022-738,TTD-060922-164-KQ,737,1
06092022-737,DYC-US-220727-K1 Speed-602-Opt02,736,1
06092022-736,DYC-US-220727-K1 Speed-602-Opt05,735,1
06092022-735,ROV-220518-SB-SHOE SKI DAD STONE / ROV-220518-WP-CLASSIC GOLFER,734,1
06092022-734,SA-38056-Shade Goddess Hat,733,1
06092022-733,TTD-060922-049-Quãng Viễn.,732,1
06092022-732,TTD-060922-168-Trung Việt,731,1
06092022-731,TTD-050922-167-Trung Việt,730,1
05092022-730,ĐAI -DỰ TRỮ,729,1
05092022-729,ROV-220822-LB-TRUCKER GRADIENT WHITE,728,1
05092022-728,TTD-050922-162-KQ,727,1
05092022-727,TTD-050922-059-Hằng Phong,726,1
01092022-726,TTD-010922-166-Trung Việt,725,1
01092022-725,DYC-CH1-220506-Le Rouge-Opt11,724,1
01092022-724,ROV-220518-SB-WOMENS SKI TOWN  / ROV-220518-WP-WOMENS ACTIVITY,723,1
01092022-723,ROV-220518-WP-WOMENS MOUNTAIN SILHOUTTE,722,1
01092022-722,DYC-AU-220822-BAY RD BREWING-Opt06,721,1
01092022-721,ROV-220518-SB-SKI JUMP / ROV-220518-SB-SNOW COWBOY / ROV-220518-WP-MOUNTAIN SILHOUTTE,720,1
01092022-720,ROV-220518-THIÊN ĐỨC,719,1
01092022-719,ROV-220518-SB-CIRCLE MOUNTAIN GRADIENT /ROV-220518-SB-FELT TRUCKER/ROV-220518-SB-FLAG JUMP /ROV-220518-SB-COWBOY JUMP /ROV-220518-WP-LINEART TREE/ ROV-220518-WP-MARY JANE /ROV-220518-WP-NO PAIN FLAG,718,1
01092022-718,TTD-010922-165-Trung Việt,717,1
01092022-717,ROV-220518,716,1
01092022-716,SA-38046-Charter HaT,715,0
01092022-715,DYC-CH1-220506-Le Rouge-Opt04,714,1
31082022-714,DYC-AU-220825-Live Life Get Active,713,1
31082022-713,TTD-220822-SHONDO NONSH03,712,1
31082022-712,CZ68-220615-Recycle Plastic Visor Warm Grey CO(D2),711,1
31082022-711,SA-38045-Charter Escape Hat,710,1
31082022-710,SA-38055-ULTRA ADVENTURE HAT,709,1
31082022-709,SA-38055-ULTRA ADVENTURE HAT,708,1
31082022-708,TTD-310822-164-Trung Việt,707,1
31082022-707,TTD-310822-164-Trung Việt,706,1
30082022-706,TTD-310822-161-KQ,705,1
30082022-705,TTD-300822-048-Quãng Viễn.,704,1
30082022-704,TTD-300822-058-Hằng Phong,703,1
30082022-703,TTD-300822-163-Trung Việt,702,1
30082022-702,TTD-200922-Shondo,701,1
30082022-701,TTD-200922-Shondo,700,1
30082022-700,TTDKTY-220819-BK585/570 -Perfectly Pale-Blank,699,1
29082022-699,CIE-220618-CLB P3 Navy,698,1
29082022-698,CIE-220818-CLB UTCT,697,1
29082022-697,ROV-220518-WP-SUEDE CANVAS,696,1
29082022-696,ROV-220518-WP-FLAG GOLFER,695,1
29082022-695,ROV-220518-SB-MOUNTAIN VIEW GOLFER ORANGE/ROV-220518-SB-SUEDE CANVAS/ROV-220518-WP-SUEDE CANVAS,694,1
29082022-694,JP-220804-OMEGA SNAPBACK,693,1
29082022-693,TTD-220817-BIS VINCOM HAT,692,1
29082022-692,DYC-US-220812-Pescaderia-613,691,1
29082022-691,DYC-US-220728-Exotic Frenchie Gang-604-Opt01,690,1
29082022-690,DYC-US-220816-Mad Club-615-Opt11,689,1
29082022-689,DYC-US-220816-Mad Club-615-Opt02/OPT4,688,1
29082022-688,DYC-US-220817-Engineer Sales-617,687,1
29082022-687,TTD-290822-159-KQ,686,1
29082022-686,TTD-290822-162-Trung Việt,685,1
29082022-685,TTD-220721-PARAPACK,684,0
29082022-684,TTD-270822-161-Trung Việt,683,1
27082022-683,TTD-270822-158-KQ,682,1
26082022-682,ROV-220518-SB-WOMENS SKI TOWN / ROV-220518-WP-WOMENS ACTIVITY,681,1
26082022-681,ROV-220518-SB-COWBOY TOW / ROV-220518-WP-CIRCLE MOUNTAIN GRADIENT,680,1
26082022-680,ROV-220518-SB-BARN / ROV-220518-WP-FELT TRUCKER,679,1
26082022-679,ROV-220518-SB-FLAG INFO ORANGE /  ROV-220518-SB-FLAG INFO BLUE,678,1
26082022-678,ROV-220721-DV-CLASSIC GOLFER LGREY,677,1
26082022-677,DYC-US-220726-Spectrum Voip-601,676,1
26082022-676,TTD-260822-160-Trung Việt,675,1
26082022-675,DYC-US-220818-E11even-619- ( 9 OPTION ),674,1
26082022-674,DYC-US-220817-Engineer Sales-617,673,1
26082022-673,TTDKTY-220804-MOVEMENT,672,1
25082022-672,TTD-250822-010-Anh Hùng,671,1
25082022-671,TTD-250822-056-Hằng Phong,670,1
25082022-670,TTD-250822-159-Trung Việt,669,1
25082022-669,VIỀN DỰ TRỮ,668,1
25082022-668,SA-38046-VIỀN,667,0
25082022-667,TTD-250822-056-Hằng Phong,666,1
24082022-666,DYC-US-220520-Whico-577-Opt05-v2,665,1
24082022-665,ROV-220518-WP ICON DAD,664,1
24082022-664,TSA-250822-051-Trung Việt,663,1
24082022-663,TTD-240822-158-Trung Việt,662,1
24082022-662,XA-302-LAUSANNE SPORT NAVY,661,1
24082022-661,XA-302-LAUSANNE SPORT NAVY,660,1
24082022-660,SA-38049 - 38054 Toddler Trucker-Small-Hummingbird,659,1
24082022-659,TTD-220721-PARAPACK 6P,658,1
24082022-658,DYC-CCS-220723-Barry’s 01,657,1
23082022-657,TTD-190822-153-Trung Việt,656,1
23082022-656,TTD-220816-GF4222-Style 13 (2021),655,1
23082022-655,TTD-230822-157-Trung Việt,654,1
23082022-654,SA-38045-Charter Escape Hat,653,1
23082022-653,TTD-220726-8JS-GULF 02,652,1
23082022-652,TTD-220723-AIS ( GẤP ),651,0
23082022-651,TTD-230822-156-KQ,650,1
22082022-650,ROV-220518-SB-SHOE SKI DAD STONE+NAVY,649,1
22082022-649,TTD-230822-056-Hằng Phong,648,1
22082022-648,ROV-220721-DV-CLASSIC GOLFER BLUE,647,1
22082022-647,TTD-230822-156-Trung Việt,646,1
22082022-646,CIE-220618-CLB P3 Navy,645,1
22082022-645,VIỀN ĐAI DỰ TRỮ,644,1
22082022-644,CIE-220714-Elena White,643,1
22082022-643,CIE-220714-Elena Forest,642,1
22082022-642,TTD-220822-155-Trung Việt,641,1
22082022-641,SA-38050-Kids' Clear Creek Boonie,640,1
20082022-640,TTD-200822-154-Trung Việt,639,1
20082022-639,TTD-200822-153-KQ,638,1
20082022-638,TTD-200822-055-Hằng Phong,637,1
20082022-637,TTD-200822-055-Hằng Phong,636,1
19082022-636,VIỀN DỰ TRỮ,635,1
19082022-635,TTD-220726-HELISTAR,634,1
19082022-634,TTD-220714-ILMC Black Microfiber,633,1
19082022-633,TTD-190822-152-KQ,632,1
19082022-632,TTD-190822-153-Trung Việt,631,1
18082022-631,DYC-CH1-220711-Bruellan-Opt07,630,1
18082022-630,DYC-CH1-220711-Bruellan-Opt06,629,1
18082022-629,SA-38055-ULTRA ADVENTURE HAT,628,1
18082022-628,TTD-190822-152-Trung Việt,627,1
18082022-627,TTD-220810-EIS GREY ORANGE,626,1
18082022-626,TSA-160822-050-Trung Việt,625,1
17082022-625,TTD-170822-054-Hằng Phong,624,1
17082022-624,TTD-170822-054-Hằng Phong,623,1
17082022-623,TTD-180822-151-Trung Việt,622,1
17082022-622,DYC-US-220727-K1 Speed-602-Opt04,621,1
17082022-621,R2B-115-AC22071453 ORTHOREHA WALLNER,620,1
17082022-620,AD-220806-BARBE ROUSSE NAVY,619,1
17082022-619,AD-220806-BARBE ROUSSE KHAKI,618,1
16082022-618,TTDKTY-220804-MOVEMENT,617,1
16082022-617,DYC-CH1-220809-La Cabane Brunet,616,1
16082022-616,DYC-CH1-220810-Air-Glaciers SA,615,1
16082022-615,HM-220629-FENDT,614,1
16082022-614,TTDKTY-220804,613,1
16082022-613,TTD-160822-047-Quãng Viễn.,612,1
15082022-612,TTD-150822-150-Trung Việt,611,1
15082022-611,CIE-220801-Tracksmith JA Marathon Berlin,610,1
15082022-610,CIE-220801-Tracksmith JA Marathon Chicago,609,1
15082022-609,CIE-220801-Tracksmith JA Marathon CHICAGO,608,1
15082022-608,DYC-US-220727-K1 Speed-602-Opt01,607,1
15082022-607,TTD-220729-GF4122-Style 11 (2021),606,1
15082022-606,DYC-US-220806-Westport Yachts-610,605,1
15082022-605,AD-220806-BARBE ROUSSE RED,604,1
15082022-604,SA-38051-Kids Sun Chaser Cap,603,1
15082022-603,SA-38047-Flash Cap,602,1
15082022-602,MOVEMENT-220707/220713,601,1
13082022-601,TTD-130822-151-KQ,600,1
13082022-600,ĐAI - VIỀN DỰ TRỮ,599,1
13082022-599,Trung Việt,598,1
13082022-598,TTD-140822-149-Trung Việt,597,1
12082022-597,DYC-AU-220713-Yaraka,596,1
12082022-596,DYC-AU-220713-Yaraka,595,1
12082022-595,TTD-120822-053-Hằng Phong,594,1
12082022-594,TTD-120822-046-Quãng Viễn.,593,1
12082022-593,TTD-120822-148-Trung Việt,592,1
11082022-592,TTD-110822-010-Anh Hùng,591,1
11082022-591,TTD-110822-052-Hằng Phong,590,1
11082022-590,DYC-US-220804-Wally Castro-607,589,1
11082022-589,SA-38046-Charter Hat-ĐAI,588,1
10082022-588,TTD-090822-045-Quãng Viễn.,587,1
10082022-587,CZ68-220615-Recycle Plastic Visor Blue Navy CO(D2),586,1
10082022-586,TTD-100822-150-KQ,585,1
10082022-585,TTD-100822-147-Trung Việt,584,1
10082022-584,VIỀN SA,583,1
10082022-583,DYC-US-220806-Vendome-609-Opt05/OPT7,582,1
09082022-582,TTD-090822-146-Trung Việt,581,1
09082022-581,TTD-220726-HELISTAR,580,1
09082022-580,HM-220725-ALLGAU COMETS NAVY,579,1
09082022-579,AD-220709-REDFILLS REVERSIBLE BUCKET / AD-220725-REDFILLS CLASSIC NYLON IR PATCH TRUCKER,578,1
09082022-578,CIE-220801-Tracksmith JA Marathon New York,577,1
09082022-577,CIE-220801-Tracksmith JA Marathon London,576,1
09082022-576,AD-REDFILSS,575,1
09082022-575,TSA-100822-049-Trung Việt,574,1
09082022-574,ROV-220721-DV-CLASSIC GOLFER BLUE,573,1
09082022-573,DYC-US-220727-K1 Speed-602-Opt03,572,1
09082022-572,DYC-US-220728-FGI-603-Opt02,571,1
09082022-571,TTD-220721-PARAPACK,570,1
09082022-570,TTD-090822-149-KQ,569,1
08082022-569,DYC-US-220723-Intrepid-598-Opt02,568,1
08082022-568,DYC-US-220712-Wally Castro-596,567,1
08082022-567,TTD-080822-148-KQ,566,1
08082022-566,TTD-080822-145-Trung Việt,565,1
08082022-565,JP-220804-CHAMPION VEGAS GOLD,564,1
08082022-564,TTD-080822-145-Trung Việt,563,1
08082022-563,TTD-220723-AIS,562,1
08082022-562,KIDS ARCTIC TRAPPER-38003,561,1
08082022-561,TTD-220706-GF3922-Style 10 (2021),560,1
06082022-560,CZ68-220701-LUGANO CLASSIC,559,1
06082022-559,AD-220721-YELIR 3Y PINK,558,1
06082022-558,TTD-060822-147-KQ,557,1
06082022-557,TTD-060822-144-Trung Việt,556,1
05082022-556,SA-PO-38045-Charter Escape Hat,555,0
05082022-555,TTD-050822-146-KQ,554,1
05082022-554,AD-220628-REDFILLS SIGNATURE IR NYLON / AD-220628-REDFILLS SIGNATURE IR PATCH NYLON,553,1
05082022-553,CIE-220618-CLB P3 Royal,552,1
05082022-552,CIE-220618-CLB P3 Red,551,1
05082022-551,CIE-220618-CLB P3 Purple,550,1
05082022-550,CIE-220618-CLB P3 White,549,1
05082022-549,CIE-220618-CLB P3 Navy,548,1
05082022-548,CIE-220618-CLB P3 Burgundy,547,1
05082022-547,TTD-050822-044-Quãng Viễn,546,1
05082022-546,CIE-220618-CLB P3 Black,545,1
05082022-545,TTD-050822-143-Trung Việt,544,1
05082022-544,ROV-220721-DV-CLASSIC GOLFER LGREY,543,1
04082022-543,ROV-220721-DV-TRIANGLE PATCH WALNUT,542,1
04082022-542,"ROV-220721-DV ( 5 ĐƠN RESCUE,DENIM,TRUCKER,GRADIENT STONE,LEATHER)",541,1
04082022-541,TTD-040822-142-Trung Việt,540,1
04082022-540,TTD-040822-051-Hằng Phong,539,1
04082022-539,TTD-040822-051-Hằng Phong,538,1
04082022-538,TTD-040822-142-Trung Việt,537,1
03082022-537,TTD-030822-145-KQ,536,1
02082022-536,TTD-030822-141-Trung Việt,535,1
02082022-535,SS23-INFANT SUNSKIPPER BUCKET- PO 38048,534,1
02082022-534,KIDS ARCTIC ICE CAP - 38003,533,1
02082022-533,TTD-020822-043-Quãng Viễn.,532,1
02082022-532,SS23-SUN SEEKER HAT- PO 38057,531,1
02082022-531,TTD-020822-140-Trung Việt,530,1
02082022-530,SS23-SUN SEEKER HAT- PO 38057,529,1
02082022-529,SA-38047-Flash Cap,528,1
02082022-528,SS23-Outbound Cap-38052,527,1
02082022-527,SS23-Outbound Cap-38052,526,1
02082022-526,ROV-220721-DV-FLAG PATCH MAROON,525,1
02082022-525,ROV-220721-DV-FLAG PATCH WHITE,524,1
02082022-524,ROV-220721-DV-CLASSIC GOLFER BLUE,523,1
02082022-523,ROV-220721-DV-CLASSIC GOLFER LGREY,522,1
02082022-522,ROV-220721-DV-CIRCLE LEATHER,521,1
02082022-521,ROV-220721-DV-ICON GRADIENT WINTER,520,1
02082022-520,ROV-220721-DV-SUEDE CANVAS,519,1
02082022-519,ROV-220721-DV-FELT TRUCKER OLIVE,518,1
02082022-518,ROV-220721-DV-TRIANGLE PATCH WALNUT,517,1
02082022-517,TTD-020822-050-Hằng Phong,516,1
02082022-516,SA-TRUCKER-38049,515,1
02082022-515,JOK-14-RAID TUNISIE,514,1
02082022-514,DYC-US-220723-Intrepid-598-Opt01,513,1
02082022-513,DYC-US-220723-Intrepid-598-Opt03,512,1
02082022-512,DYC-US-220723-Intrepid-598-Opt04,511,1
02082022-511,DYC-US-220723-E11even Vodka-600,510,1
02082022-510,HM-220602-DAF BUCKET,509,1
02082022-509,TTD-010822-139-Trung Việt,508,1
02082022-508,DYC-US-220723-Intrepid-598-Opt04,507,1
01082022-507,TSA-020822-048-Trung Việt,506,1
01082022-506,ROV-220705-YS-BACKPACK,505,1
01082022-505,VIỀN DỰ TRỮ,504,1
01082022-504,ĐAI GF36/37/38/39 COTTON ĐEN,503,1
01082022-503,TTD-010822-049-Hằng Phong,502,1
01082022-502,TTD-010822-138-Trung Việt,501,1
01082022-501,TTD-010822-049-Hằng Phong,500,1
01082022-500,MD-220625-MBA DAMEN,499,1
01082022-499,DYC-US-220520-Whico-577-Opt07,498,1
30072022-498,TSA-300722-047-Trung Việt,497,1
30072022-497,JP-220701-ISOGO COUNTRY CLUB GREEN,496,1
30072022-496,PH-220725-BLANK CAP GREY / PH-220725-BLANK CAP NAVY,495,1
30072022-495,TTD-220725-8JS-GULF / GULF 02,494,1
30072022-494,Kids Sun Chaser Cap - 38051,493,1
29072022-493,TTD-220706-GF3922-Style 10 (2021),492,1
29072022-492,GF-38/39-THIÊN ĐỨC ( STYLE 11/13/2021 ),491,1
29072022-491,R2B-104-AC2205896 FONDATION AVENIR,490,1
29072022-490,TTD-300722-136-Trung Việt,489,1
29072022-489,DYC-US-220714-BIC UKRAINE-Opt01,488,1
29072022-488,TTD-290722-141-KQ,487,1
29072022-487,TTD-2750722-048-Hằng Phong,486,1
28072022-486,TTD-280722-135-Trung Việt,485,1
28072022-485,JP-220620-MEIJI WHITE_v1,484,1
28072022-484,DYC-US-220520-Whico-577-Opt12,483,1
28072022-483,DYC-US-220520-Whico-577-Opt07,482,1
28072022-482,DYC-US-220520-Whico-577-Opt07,481,1
28072022-481,TTDKTY-220713-VS520-White-Slide ( THÂN LÓT TRONG ),480,1
28072022-480,JP-220707-JAPAN CUP 2022,479,1
27072022-479,DYC-AU-220713-Yaraka,478,1
26072022-478,Trung Việt,477,1
26072022-477,TSA-270722-046-Trung Việt,476,1
26072022-476,TTD-2650722-047-Hằng Phong,475,1
26072022-475,SS23-FLASH CAP-PO 38047,474,1
26072022-474,R2B-105-AC2204704 BRINGHEN,473,1
26072022-473,TTD-260722-134-Trung Việt,472,1
26072022-472,TTD-260722-134-Trung Việt,471,1
26072022-470,DYC-US-220520-Whico-577-Opt13,469,1
26072022-469,DYC-AU-220704-Mycladders,468,1
26072022-468,TTD-260722-137-KQ,467,1
26072022-467,TTD-260722-042-Quãng Viễn.,466,1
26072022-466,TTD-260722-042-Quãng Viễn.,465,1
26072022-465,TTD-2650722-047-Hằng Phong,464,1
25072022-464,SA-PO-38003-Mountain Time Radar,463,1
25072022-463,CZ68-220615-Recycle Plastic Visor Warm Grey CO(D2),462,1
23072022-462,R2B-105-AC2204704 BRINGHEN,461,1
23072022-461,ĐAI GF-37/38/39,460,1
23072022-460,JP-220719-BLUE IMPULSE ARMY BLACK - dập két nhựa,459,1
23072022-459,JP-220620-MEIJI NAVY_v1,458,1
23072022-458,TTD-250722-133-Trung Việt,457,1
23072022-457,JP-220607-UTOKYO WHITE,456,1
23072022-456,JP-220607-UTOKYO BLACK,455,1
23072022-455,ROV-220705-YS-INFO NAVY,454,1
23072022-454,DYC-US-220520-Whico-577-Opt01,453,1
23072022-453,DYC-US-220520-Whico-577-Opt13,452,1
22072022-452,DYC-US-220616-Paradise Landing-588-Opt02,451,1
22072022-451,DYC-US-220616-Paradise Landing-588-Opt01,450,1
22072022-450,TTDKTK-MOVEMENT,449,1
22072022-449,TTD-220722-135-KQ,448,1
22072022-448,Wash,447,1
22072022-447,TTD-220722-132-Trung Việt,446,1
22072022-446,TTD-2250722-046-Hằng Phong,445,1
21072022-445,TTD-210722-041-Quãng Viễn,444,1
21072022-444,XA-300-FDZ,443,1
21072022-443,FW22-ALPINE TUNDRA CAP- PO 38003,442,1
21072022-442,TTD-210722-041-Quãng Viễn.,441,1
21072022-441,DYC-US-220603-James Campbell Insurance-584,440,1
21072022-440,TTD-210722-045-Hằng Phong,439,1
21072022-439,TTDKTY-220707-Movement,438,1
21072022-438,TTDKTY-220707-Movement,437,1
21072022-437,TTD-200722-131-Trung Việt,436,1
21072022-436,TSA-190722-045-Trung Việt,435,1
20072022-435,DYC-CH1-220530-Swiss Red Cross Ball-Opt01,434,1
20072022-434,DYC-US-220714-BIC UKRAINE-Opt01 / OPT2,433,1
20072022-433,DYC-CH1-220706-Hydra Island / DYC-US-220714-BIC UKRAINE-Opt01 / DYC-US-220714-BIC UKRAINE-Opt02,432,1
19072022-432,R2B-104-AC2205896 FONDATI...,431,1
19072022-431,HM-220613-SAILUN TYRE,430,1
19072022-430,XA-297-EHL BLACK / WHITE / NAVY,429,1
19072022-429,TTD-200722-136-KQ,428,1
19072022-428,SA-38054-trucker-đai,427,1
19072022-427,SA-38049-ĐAI,426,1
19072022-426,SA-38043 - 38049 - Trucker,425,1
19072022-425,DYC-US-220520-Whico-577-Opt14,424,1
19072022-424,TTD-190722-130-Trung Việt,423,1
19072022-423,DYC-US-220520-Whico-577-Opt08,422,1
19072022-422,DYC-US-220520-Whico-577-Opt14 / XA-300-FDZ,421,1
19072022-421,JP-220620-MEIJI WHITE_v1/JP-220620-MEIJI NAVY_v1,420,1
19072022-420,TTD-190722-134-KQ,419,1
18072022-419,TTD-180722-009-Anh Hùng,418,1
18072022-418,DYC-CH1-220629-Air-Glaciers SA,417,1
18072022-417,CIE-210808-RDCap SC - Frame S - Shadowcast,416,1
18072022-416,ROV-220705-YS-VINTAGE BILLBOARD,415,1
18072022-415,ROV-220705-YS-VALLEY VIEW,414,1
18072022-414,ROV-220705-YS-VALLEY FLOOR,413,1
18072022-413,ROV-220705-YS-TRIANGLE HD GREY,412,1
18072022-412,ROV-220705-YS-TRIANGLE HD BLACK,411,1
18072022-411,ROV-220705-YS-SOUTHWEST FALL,410,1
18072022-410,ROV-220705-YS-LINEART,409,1
18072022-409,ROV-220705-YS-INFO NAVY,408,1
18072022-408,ROV-220705-YS-BEAR OVERLOOK,407,1
18072022-407,ROV-220705-YS-BACKPACK,406,1
18072022-406,ROV-220705-YS-ACTIVITY,405,1
17072022-404,TTD-180722-129-Trung Việt,403,1
17072022-403,Trung Việt,402,1
16072022-402,TTD-160722-131-KQ,401,1
16072022-401,TTD-160722-128-Trung Việt,400,1
16072022-400,DYC-CH1-220706-Hydra Island,399,1
16072022-399,TTD-220527-Hubb&Wills 5-Style 3,398,1
16072022-398,AD-220623-YELIR GREY,397,1
16072022-397,DYC-CH1-220629-Air-Glaciers SA,396,1
16072022-396,Outbound Cap-Darkest Navy-OS / Outbound Cap-Heathered Gray-OS - SA-38003,395,1
15072022-395,TTD-160722-129-KQ,394,1
15072022-394,TTD-160722-128-Trung Việt,393,1
15072022-393,TTD-150722-040-Quãng Viễn.,392,1
15072022-392,DYC-US-220520-Whico-577-Opt15,391,1
15072022-391,DYC-US-220520-Whico-577-Opt11 / opt 10,390,1
15072022-390,DYC-US-220520-Whico-577-Opt06/opt12,389,1
15072022-389,DYC-US-220520-Whico-577-Opt03/OPT4/OPT9/584,388,1
15072022-388,TTD-150722-127-Trung Việt,387,1
15072022-387,TTD-150722-044-Hằng Phong,386,1
15072022-386,HM-220609-RT LUXEMBOURG + CIE-220527-Run Amok Solid,385,1
15072022-385,DYC-US-220520-Whico-577-Opt02,384,1
15072022-384,DYC-US-220520-Whico-577 opt1/15,383,1
15072022-383,DYC-US-220604-Fraser-585,382,1
14072022-382,DYC-US-220630-Holman-594-Opt03,381,1
14072022-381,DYC-US-220630-Holman-594-Opt02,380,1
14072022-380,DYC-US-220630-Holman-594-Opt01,379,1
14072022-379,TTD-120722-126-KQ,378,1
14072022-378,R2B-112-AC22061217 MORAND,377,1
14072022-377,R2B-112-AC22061217 MORAND,376,1
14072022-376,JP-220707-KATALLER MESH KIDS / ADULT,375,1
14072022-375,JP-220707-KATALLER MESH KIDS,374,1
14072022-374,JP-220707-KATALLER MESH,373,1
14072022-373,DYC-CH1-220629-Air-Glaciers SA,372,1
14072022-372,TTD-120722-126-KQ,371,1
14072022-371,TTD-150722-043-Hằng Phong,370,1
13072022-370,AD-220620-REDFILLS,369,1
13072022-369,TTD-130722-126-Trung Việt,368,1
13072022-368,ĐAI THUN MÈ BLACK - PEWTER,367,1
13072022-367,ĐAI COTON BLACK VAC06,366,1
13072022-366,JP-220708-SUMITOMO NEW,365,1
13072022-365,DYC-CH1-220629-Air-Glaciers SA,364,1
12072022-364,XA-297,363,1
12072022-363,TTD-120722-125-KQ,362,1
12072022-362,XA-296-EPFL KIDS TEAL,361,1
11072022-361,SANDWHICH 1.7cm HM-220629-FENDT,360,1
11072022-360,VIỀN HM-220629 FENDT,359,1
11072022-359,TTD-110722-125-Trung Việt,358,1
11072022-358,VIỀN DYC-US-220630-Holman-594-Opt02,357,1
11072022-357,VIỀN DYC-585/ DYC-577-OPT06/ DYC-577-OPT12,356,1
11072022-356,TTD-110722-124-KQ,355,1
11072022-355,ĐAI AD-220623-YELIR-GREY,354,1
11072022-354,ĐAI HUBB&WILLS 5-STYLE 3,353,1
11072022-353,ĐAI HM-220630-PZ,352,1
11072022-352,ĐAI HM-22060-FENDT,351,1
11072022-351,ĐAI R2B-108,350,1
09072022-350,TTD-090722-123-KQ,349,1
09072022-349,ĐAI HM-220630,348,1
09072022-348,ĐAI HM-220630,347,1
09072022-347,ĐAI HM-220630,346,1
09072022-346,ĐAI HM-220630,345,1
09072022-345,ĐAI HM-220630,344,1
08072022-344,TTD-080722-122-KQ,343,1
08072022-343,AD-220620-REDFILLS IR PATCH 2/ CHARACTER/ FACE 2,342,1
08072022-342,ROV-220621-CLYDE'S CORNER 03,341,1
07072022-341,CIE-SMS,340,1
07072022-340,CIE-SMS,339,1
07072022-339,CIE-SMS,338,1
07072022-338,CIE-SMS,337,1
07072022-337,CIE-SMS,336,1
07072022-335,CIE-SMS,334,1
07072022-334,CIE-SMS,333,1
07072022-333,CIE-SMS,332,1
07072022-332,CIE-SMS,331,1
07072022-331,CIE-SMS,330,1
07072022-329,CIE-SMS,328,1
07072022-328,TTD-050722-123-Trung Việt,327,1
07072022-327,TTD-070722-121-KQ,326,1
07072022-326,TTD-070722-124-Trung Việt,325,1
07072022-325,TTD-220705-POTTU & SEITZ SA,324,1
07072022-324,TTDKTY-220627,323,1
07072022-323,Sample,322,1
06072022-322,DYC-US-220517-E11even-573-Opt05,321,1
06072022-321,DYC-US-220604 Worth Avenue Yachts 586,320,1
06072022-320,DYC-US-220604 Worth Avenue Yachts 586,319,1
06072022-319,HM-220629-FENDT,318,1
06072022-318,TTD-060722-120-KQ,317,1
05072022-316,CIELE-SMS-ĐAI,315,1
05072022-315,CIE-SMS-211222,314,1
05072022-314,XA-297-EHL WHITE / BLACK / NAVY,313,1
05072022-313,TTD-050722-042-Hằng Phong,312,1
05072022-312,TTD-050722-039-Quãng Viễn.,311,1
05072022-311,TTDKTY-220627-VV520-Fandango Pink-Slide,310,1
05072022-310,TTDKTY-220627-VV520-Fandango Pink-Slide,309,1
05072022-309,DYC-US-220616-E11even-587-Opt01,308,1
04072022-308,ĐAI GF,307,1
04072022-307,TTD-040722-124-Trung Việt,306,1
04072022-306,R2B-104-AC2205896 FONDATION AVENIR,305,1
04072022-305,TTD-040722-119-KQ,304,1
02072022-304,DYC-US-220616-E11even-587-Opt01,303,1
02072022-303,TTD-020722-123-Trung Việt,302,1
02072022-302,Screeline Cap OS Army Cot Green-37985,301,1
02072022-301,TTD-280622-041-Hằng Phong,300,1
01072022-300,TTD-010722-122-Trung Việt,299,1
01072022-299,DYC-CH1-220422-Restaurant Taratata-Opt04,298,1
01072022-298,Everpia,297,1
01072022-297,TTD-010722-121-Trung Việt,296,1
TTD-20220701-000001-KQ,TTD-010722-118-KQ,295,1
01072022-295,HM-220609-EB BEIGE,294,1
01072022-294,HM-220616-GIAN GAUSLIN SNAPBACK,293,1
30062022-293,DYC-US-220519-Sophia Lopez-575-Opt07,292,1
30062022-291,CZ68-220615-Recycle Plastic Visor DK-Green CO,290,1
30062022-290,CZ68-220615-Recycle Plastic Visor Warm Grey MI,289,1
30062022-289,SMS-38010,288,1
30062022-288,HM-220609-RT LUXEMBOURG,287,1
29062022-287,DYC-CH1-220506-Le Rouge-Opt03,286,1
29062022-286,DYC-US-220422-Wally Castro-553/LONA,285,1
29062022-285,DYC-US-220616-E11even-587-Opt1/3/11/12,284,1
29062022-284,TTD-290622-120-Trung Việt,283,1
29062022-283,DYC-US-220602-HMY-582,282,1
29062022-282,TTD-290622-116-KQ,281,1
29062022-281,TTD-220410-PARAPACK ( BÙ VIỀN - GẤP ),280,1
28062022-280,BF-220331-DUNRIDE BLACK EAGLE,279,1
28062022-279,VIỀN KATE BLACK,278,1
28062022-278,CZ68-220615-Recycle Plastic Visor DK-Green MI,277,1
28062022-277,Trung Việt,276,1
28062022-276,R2B-104-AC2205896 FONDATION AVENIR,275,1
28062022-275,TTD-280622-118-Trung Việt,274,1
28062022-274,DYC-US-220527-Soflo-581,273,1
28062022-273,R2B-94-AC2203559 BACKTEES BLUSH GREY- V1,272,1
28062022-272,VIỀN DỰ TRỮ,271,1
28062022-271,Hằng Phong,270,1
27062022-270,DYC-US-220519-Sophia Lopez-575-Opt01,269,1
27062022-269,DYC-US-220519-Sophia Lopez-575-Opt01,268,1
27062022-268,TTD-280622-114-KQ,267,1
27062022-267,TTD-280622-118-Trung Việt,266,1
27062022-266,HM-220609-RT LUXEMBOURG,265,1
27062022-265,DYC-US-220520-Doroni Aerospace-576,264,1
27062022-264,DYC-US-220525-Allied Marine-580-Opt05,263,1
27062022-263,TTD-270622-112-KQ,262,1
27062022-262,VIỀN DỰ TRỮ,261,1
27062022-261,TTD-270622-117-Trung Việt,260,1
27062022-260,DYC-US-220422-Wally Castro-553,259,1
27062022-259,DYC-US-220622-Soflo Jeeps-591,258,1
27062022-258,R2B-102-AC2205890 SWIBECO,257,1
27062022-257,R2B-102-AC2205890 SWIBECO,256,1
26062022-256,TTD-280622-038-Quãng Viễn.,255,1
26062022-255,SMS-SA-38010,254,1
25062022-254,DYC-US-220422-Monbarth-554-Opt03,253,1
25062022-253,SA-SMS-38010,252,1
25062022-252,CIE-220405-CLB Navy,251,1
25062022-251,DYC-US-220422-Monbarth-554-Opt06,250,1
24062022-250,TTD-240622-115-Trung Việt,249,1
24062022-248,DYC-CH1-220610-Concordia de Bagnes,247,1
24062022-247,DYC-CH1-220422-A Buzzurro,246,1
24062022-246,DYC-573,245,1
24062022-245,DYC-AU-220607-Mountain Blue,244,1
24062022-244,TTD-210622-113-Trung Việt,243,1
24062022-243,TTD-210622-113-Trung Việt,242,1
23062022-242,TTD-230622-114-Trung Việt,241,1
23062022-241,VIỀN DỰ TRỮ,240,1
23062022-240,DYC-US-220520-Doroni Aerospace-576,239,1
22062022-239,TTD-220622-039-Hằng Phong,238,1
22062022-238,SMS FW23,237,1
22062022-237,TTD-220419-Duel-v1,236,1
21062022-236,BF-220331-DUNRIDE BLACK EAGLE,235,1
21062022-235,DYC-AU-220527-THE MUDGEE BREWING,234,1
21062022-234,TTD-210622-037-Quãng Viễn.,233,1
21062022-233,TTD-210622-113-Trung Việt,232,1
21062022-232,TTD-220419-Duel-v1,231,1
21062022-231,AD-220525-REDFILLS-BUCKET,230,1
21062022-230,TTD-GF 32/33,229,1
21062022-229,AD-220525-REDFILLS ( THỦ ĐỨC ),228,1
21062022-228,TTD-210622-038-Hằng Phong,227,1
21062022-227,SA-SHAWEEL-38063,226,1
20062022-226,DYC-US-220408-Philippe Shangti-547-Opt01,225,1
20062022-225,DYC-US-220507-Sophia Lopez-565-Opt04,224,1
20062022-224,TTD-200622-112-Trung Việt,223,1
20062022-223,HM-220602-DESK7,222,1
18062022-222,AD-220525-DJ BENS,221,1
18062022-221,AD-220601-EX NIHILO STONE,220,1
18062022-220,DYC-AU-220601-Network steel,219,1
18062022-219,DYC-US-220525-Allied Marine-580-Opt04,218,1
18062022-218,DYC-AU-220527-THE MUDGEE BREWING,217,1
18062022-217,JP-220608-NAKAJIMA RACING 2022,216,1
18062022-216,TTD-200622-111-Trung Việt,215,1
18062022-215,TTD-200622-111-Trung Việt,214,1
17062022-214,DYC-US-220602-HMY-582,213,1
17062022-213,DYC-US-220602-HMY-583,212,1
17062022-212,DYC-CH1-220603-La Chocolaterie-58cm/55CM,211,1
17062022-211,TTD-GF,210,1
17062022-210,TTD-180622-110-Trung Việt,209,1
17062022-209,TTD-GF 32/33/34/35/HM-ELF,208,1
17062022-208,R2B-107-18022985 NASUKO,207,1
16062022-207,TTD-170622-037-Hằng Phong,206,1
16062022-206,TTD-160622-109-Trung Việt,205,1
16062022-205,CIE-220405-CLB White,204,1
16062022-204,CIE-220405-CLB Red,203,1
16062022-203,CIE-220405-CLB Purple,202,1
16062022-202,CIE-220405-CLB Royal,201,1
16062022-201,CIE-220405-CLB Forest,200,1
16062022-200,CIE-220405-CLB Burgundy,199,1
16062022-199,CIE-220405-CLB Black + CIE-210808-CRWCap SC - Chicago + CIE-210808-TRKCap SC - NYNY,198,1
16062022-198,TTD-160622-109-Trung Việt,197,1
16062022-197,CIE-210808-RDCap SC - Frame S - Uniform,196,1
16062022-196,CIE-220405-CLB Black + CIE-210808-CRWCap SC - Chicago + CIE-210808-RDCap SC - Frame S - Shadowcast + CIE-210808-TRKCap SC - NYNY,195,1
16062022-195,CIE-210808-RDCap SC - Frame S - Scout,194,1
16062022-194,CIE-210808-RDCap SC - Frame S - Petra,193,1
16062022-193,CIE-210808-ALZCap SC - Velocity Box - Stadium-Sublimation,192,1
16062022-192,TTD-160622-109-Trung Việt,191,1
15062022-191,HM-220506-ELF VIKINGS TRUCKER,190,1
15062022-190,HM-220506-ELF LK TRUCKER,189,1
15062022-189,HM-220506-ELF GALAXY TRUCKER,188,1
15062022-188,HM-220506-ELF FIRE TRUCKER,187,1
15062022-187,TTD-220514-HAYABUSA BLACK,186,1
15062022-186,JP-220418-JAPAN CUP 2022,185,1
15062022-185,JP-220422-WASJ 2022,184,1
15062022-184,DYC-US-220507-Sophia Lopez-565-Opt03,183,1
15062022-183,TTD-160622-109-Trung Việt,182,1
15062022-182,TTDKTY-220525-MOVEMENT,181,1
15062022-181,R2B-100-AC2204800 CRESTOELEC,180,1
15062022-180,TTD-100622-135-Quãng Viễn,179,1
15062022-179,CIE-210808-ALZCap SC - Velocity Box - Stadium-Sublimation,178,1
15062022-178,TTD-220410-PARAPACK LITE BEIGE TTD-220410-PARAPACK POOL GREEN  (Bù viền ),177,1
14062022-177,HM-220505-NNM TWEET AW,176,1
14062022-176,HM-220512-3OFF SAND,175,1
14062022-175,HM-220512-3OFF GREEN,174,1
14062022-174,HM-220530-PILOT FC,173,1
14062022-173,HM-220523-ZIMMEREI SKY BLUE,172,1
14062022-172,DYC-US-220507-Sophia Lopez-565-Opt04,171,1
14062022-171,JP-220523-SODASHI,170,1
14062022-170,JP-220523-SODASHI,169,1
14062022-169,TTD-220517-SHONDO NONSH02 + TTD-220517-SHONDO NONSH01,168,1
14062022-168,TTD-220517-SHONDO NONSH20,167,1
14062022-167,TTD-220517-SHONDO NONSH70,166,1
14062022-166,TTD-220422 GF Style 10 (2021),165,1
14062022-165,AD-220511-YELIR GRAY + PATCH GREY,164,1
14062022-164,AD-220511-YELIR,163,1
14062022-163,AD-220511-YELIR 28,162,1
14062022-162,AD-220511-YELIR 5,161,1
14062022-161,FELTBLACK,160,1
13062022-160,TTD-150622-108-Trung Việt,159,1
13062022-159,Artist Series Trucker - 38003,158,1
13062022-158,R2B-101-AC2204792 ELCA CLOUD SERVICES,157,1
13062022-157,R2B-93-AC2203479 LAMELCOLOR,156,1
13062022-156,BEX-220218-PO508-PERF BLACK,155,1
13062022-155,TTD-130622-107-Trung Việt,154,1
13062022-154,DYC-US-220409-Sealegs-548,153,1
13062022-153,DYC-US-220507-Sophia Lopez-565-Opt03,152,1
13062022-152,DYC-US-220425-Sophia Lopez-556-Opt01,151,1
13062022-151,TTD-130622-176-Trung Việt,150,1
13062022-150,TTD-130622-107-Trung Việt,149,1
13062022-149,TTD-130622-107-Trung Việt,148,1
11062022-148,DYC-CH1-220520-Locaclim SA,147,1
11062022-147,DYC-US-220222-Cigarette Racing Team-Opt 03- v1,146,1
11062022-146,AD-220528-PRO RACE,145,1
11062022-145,TTD-110622-036-Quãng Viễn.,144,1
11062022-144,R2B-94-AC2203559 BACKTEES BLUSH GREY- V1,143,1
11062022-142,HM-220506-ELF DRAGONS TRUCKER,141,1
11062022-141,TTD-110622-036-Hằng Phong,140,1
11062022-140,DYC-US-220425-Sophia Lopez-556-Opt02,139,1
11062022-139,TTD-110622-106-Trung Việt,138,1
10062022-138,TTD-MOVEMENT-220504 + 220420,137,1
10062022-137,BEX-220422-PO528-MARSHALL GRAY,136,1
10062022-136,BEX-220422-PO528-YUCATAN BROWN,135,1
10062022-135,TTD-100622-035-Quãng Viễn.,134,1
09062022-134,TTD-100622-105-Trung Việt,133,1
09062022-133,TTD-100622-035-Hằng Phong,132,1
09062022-132,GIẤY 80G,131,1
09062022-131,BEX-220422-PO528-MARSHALL GRAY,130,1
09062022-130,DYC-CH1-220509-DAHU - Celliers de Slon,129,1
09062022-129,XA-293-AIR GLACIER ( Phiếu bù ),128,1
08062022-128,DYC-US-220506-VN-564,127,1
08062022-127,DYC-US-220506-VN-564,126,1
08062022-126,Đai 3 đường 3.5 cm VAC06 ( GF-32 ),125,1
08062022-125,TTD-220422 GF Style 13 (2021),124,1
08062022-124,TTD-220422 GF Style 11 (2021),123,1
08062022-123,TTD-220422 GF Style 10 (2021),122,1
08062022-122,BF-220302-DIVER,121,1
08062022-120,TTD-220514-HAYABUSA BLACK,119,1
07062022-119,TTD-070622-104-Trung Việt,118,1
07062022-118,Felt White,117,1
06062022-117,BEX-220218-PO508-ALBANY GRAY,116,1
06062022-116,BEX-220218-PO508-COLAIR RED,115,1
06062022-115,BEX-220218-PO508-CONNECTOR,114,1
06062022-114,BEX-220218-PO508-RUGGED BLACK,113,1
06062022-113,BEX-220218-PO508-TACK BURT GRAY,112,1
06062022-112,BEX-220218-PO508-MARSHALL TEAL/WHITE,111,1
06062022-111,BEX-220218-PO508-MARSHALL GRAY/WHITE,110,1
06062022-110,BEX-220218-PO508-MARSHALL WHITE/BLUE,109,1
06062022-109,DYC-US-220425-Sophia Lopez-556-Opt02,108,1
06062022-108,TTD-070622-034-Hằng Phong,107,1
06062022-107,DYC-US-220524-Marine Max-578   +  DYC-AU-220520-RH Bluewater Marine,106,1
06062022-106,TTD-060622-103-Trung Việt,105,1
06062022-105,DYC-US-220524-Sea Ray-579,104,1
06062022-104,ĐAI COTON BLACK VAC06,103,1
06062022-103,DYC-AU-220510-Craft Beer Coopery ( Phiếu bù số 06/06 ),102,1
06062022-102,DYC-AU-220520-RH Bluewater Marine,101,1
06062022-101,DYC-US-220524-Sea Ray-579,100,1
06062022-100,DYC-US-220524-Sea Ray-579,99,1
06062022-99,HM-220505-NNM BEIGE,98,1
06062022-98,DYC-US-220517-E11even-573-Opt01,97,1
06062022-97,DYC-US-220517-E11even-573-Opt02,96,1
06062022-96,DYC-US-220517-E11even-573-Opt05,95,1
06062022-95,TTD-070622-034-Quãng Viễn.,94,1
06062022-94,TSA-070622-043-Trung Việt,93,1
06062022-93,CIE-210808-ALZCap SC - Velocity Box - Stadium,92,1
04062022-92,TTD-220410-PARAPACK LITE CHARCOAL TTD-220410-PARAPACK LITE BLACK TTD-220410-PARAPACK LITE BEIGE TTD-220410-PARAPACK POOL GREEN TTD-220410-PARAPACK BLACK TTD-220509-PARAPACK LITE NAVY MIX,91,1
04062022-91,DYC-US-220514-Galeon-570,90,1
03062022-90,TTD-040622-033-Hằng Phong,89,1
03062022-89,R2B-97-AC2204676 MB CONCEPT,88,1
03062022-88,TTD-MOVEMENT-220504,87,1
03062022-87,TTD-030622-008-Anh Hùng,86,1
03062022-86,DYC-CH1-220422-Guggenmusik,85,1
03062022-85,TTD-220413-BIS AN PHU Fundino,84,1
02062022-84,TTD-030622-102-Trung Việt,83,1
02062022-83,"HM-220429-CB + HM-220505-VOLANE ART + ""DYC-US-220519-Bagatelle St Tropez-574",82,1
02062022-82,CIE-220211-CLB Lost Boys CIE-210808-ALZCap SC - Velocity Box - Shadowcast CIE-210808-ALZCap SC - Velocity Box - Petra CIE-210808-ALZCap SC - Velocity Box - Indigo CIE-210808-GoCap SC-Berlin 22 CIE-210808-ALZCap SC - Velocity Box - Stadium,81,1
02062022-81,TTD-020622-100-Trung Việt,80,1
02062022-80,CIE-220505-CLB Rabbit Navy CIE-220505-CLB Rabbit Burgundy CIE-220224-CLB Harricana,79,1
02062022-79,TTD-220420-Slide - Velcro,78,1
01062022-78,Vien KATE Mint,77,1
01062022-77,DYC-US-220514-Marine Max-569,76,1
01062022-76,DYC-CH1-220509-DAHU - Celliers de Slon,75,1
01062022-75,CIE-220505-CLB Rabbit Navy+CIE-220505-CLB Rabbit Burgundy+CIE-220224-CLB Harricana,74,1
01062022-74,BEX-508,73,1
01062022-73,PH-220504-SPOTTED FIN OLIVE,72,1
01062022-72,ĐAI 4 Đường 3cm Black,71,1
01062022-71,TTD-010622-099-Trung Việt,70,1
30052022-70,TSA-310522-039-Trung Việt,69,1
30052022-69,TTD-300522-098-Trung Việt,68,1
30052022-68,VIEN + GON DAI DU TRU,67,1
30052022-67,TTD-300522-031-Hằng Phong,66,1
27052022-66,HM-220505-HANSA FLEX BF-220402- CADENCY MEXICAN SKULL PURPLE BF-220402-CADENCY SAMURAI BF-220402-CADENCY CHARGING BULL BF-220402-CADENCY MEXICAN SKULL BLACK BF-220402-CADENCY POKER HM-220505-RAMMSTEIN HM-220505-SV OBERWOLFACH ADULT HM-220505-SV OBERWOLFA,65,1
27052022-65,TTD-220413-BIS AN PHU CAP 59cm TTD-220413-BIS AN PHU CAP 58cm TTD-220413-BIS AN PHU CAP 57cm TTD-220413-BIS AN PHU CAP 56cm TTD-220413-BIS AN PHU CAP 54cm TTD-220413-BIS VINCOM 56cm TTD-220413-BIS VINCOM 54cm TTD-220413-BIS VINCOM 57cm TTD-220413-BIS VIN,64,1
27052022-64,TTD-220413-BIS AN PHU CAP 54cm- TTD-220413-BIS VINCOM 56cm -TTD-220413-BIS VINCOM 54cm -TTD-220413-BIS VINCOM 57cm -TTD-220413-BIS VINCOM Cap Fundino 52cm -TTD-220413-BIS VINCOM Cap Fundino 54cm,63,1
27052022-63,TTD-220413-BIS AN PHU Fundino,62,1
27052022-62,DYC-CH1-220517-Camping de la Piscine - DYC-AU-220511-Action Metal,61,1
27052022-61,JP-220418-JAPAN CUP 2022,60,1
26052022-60,DYC-US-220514-Procom Insurance-571 DYC-AU-220510-Craft Beer Coopery DYC-US-220425-Sophia Lopez-556-Opt02 DYC-US-220428-Championship Swagger-561 DYC-US-220514-Galeon-570 DYC-CH1-220422-A Buzzurro,59,1
25052022-59,TTD-240522-032-Quãng Viễn,58,1
25052022-58,VIEN-DU-TRU,57,1
25052022-57,CIE-220224-CLB Harricana,56,1
25052022-56,CIE-220505-CLB Rabbit Burgundy,55,1
25052022-55,CIE-220505-CLB Rabbit Navy,54,1
24052022-54,DYC-CH1-220513-Moto Club Cossonay-Opt04,53,1
24052022-53,HM-220512-ZT TUNING,52,1
24052022-52,HM-220509-CMW,51,1
24052022-51,TTD-230522-094-Trung Việt,50,1
24052022-50,HM-220506-ELF PATCH BASEBALL,49,1
24052022-49,HM-220427-BGBC,48,1
24052022-48,BF-220405-HCL SB White - 54cm/56/58,47,1
24052022-47,BF-220405-HCL SB White - 54cm/56/58,46,1
24052022-46,PH-220504-SPOTTED FIN STORM GREY,45,1
24052022-45,DYC-US-211118-TCHEBA-Opt 03,44,1
24052022-44,Sahara Path Hat Army Cot Green-37985,43,1
24052022-43,Screeline Cap OS Army Cot Green-37985,42,1
24052022-42,SCREELINE CAP OS Asphalt - 37985,41,1
23052022-41,TTD-210522-030-HP,40,1
23052022-40,XA-293-AIR GLACIER,39,1
22052022-39,TTD-210522-030-HP,38,1
22052022-38,CIE-210808-GoCap SC-Berlin 22 + DYC-US-220514-Galeon-570 + DYC-US-220514-Marine Max-569,37,1
21052022-37,DYC-US-220514-The Arsenale-572,36,1
21052022-36,DYC-US-211118-TCHEBA-Opt 03,35,1
21052022-35,DYC-US-211118-TCHEBA-Opt 02,34,1
21052022-34,DYC-US-211118-TCHEBA-Opt 01,33,1
21052022-33,TTD-220429-GF STYLE 10 (2020),32,1
20052022-32,BF-220322-HCR - 58cm - 56cm,31,1
20052022-31,DYC-US-220428-Denison-562,30,1
20052022-30,BF-220402-PEMBROKE CLASSIC SPORT BLACK DYC-AU-220317-Buckettys-56cm DYC-AU-220317-Buckettys-58cm R2B-98-AC2203529 MIGROS INDUSTRIE TTD-220429-GF STYLE 10 (2020) XA-293-AIR GLACIER,29,1
20052022-29,DYC-AU-220504-Wolf Lane Distillery,28,1
20052022-28,HM-220505-HANSA FLEX,27,1
20052022-27,Sahara Path Hat L Army Cot Green-PO 37985,26,1
19052022-26,CIE-220505-CLB Rabbit Burgundy + CIE-220224-CLB Harricana +DYC-CH1-220512-Air-Glaciers SA + Dự trữ đi in + HM-220429-CB + CIE-220211-CLB Lost Boys + DYC-US-220405-Hang Loose-546,25,1
19052022-25,R2B-98-AC2203529 MIGROS INDUSTRIE,24,1
19052022-24,DYC-US-220425-Villa Azur St-Tropez-555,23,1
19052022-23,ROV-220312-HAWK TRUCKER_v1,22,1
19052022-22,R2B-97-AC2204676 MB CONCEPT,21,1
19052022-21,PH-220504-SPOTTED FIN OLIVE,20,1
19052022-20,HM-220503-KDP,19,1
19052022-19,HM-220429-TSV FRODOLFING,18,1
19052022-18,HM-220319-LOK LOWEN,17,1
19052022-17,HM-220303-A&A,16,1
19052022-16,DYC-US-220428-Denison-562-Opt02,15,1
19052022-15,DYC-US-220428-Denison-562,14,1
19052022-14,DYC-AU-220504-Wolf Lane Distillery,13,1
19052022-13,BF-220402-PEMBROKE CLASSIC SPORT VEGAS GOLD,12,1
19052022-12,R2B-97-AC2204676 MB CONCEPT,11,1
18052022-11,DYC-US-220425-Vendome-557,10,1
18052022-10,Rei Screeline Cap PO37985,9,1
18052022-9,DYC-CH1-220507-James Blunt,8,1
18052022-8,BF-220402-PEMBROKE CLASSIC SPORT PASTEL LILAC,7,1
18052022-7,BF-220402-PEMBROKE CLASSIC SPORT OLIVE,6,1
18052022-6,BF-220402-PEMBROKE CLASSIC SPORT NAVY 282C,5,1
18052022-5,AD-220305-REDFILLS PATCH & PATTERN 2 BF-220330-FCS RED BLUE BF-220402-PEMBROKE BASE BLACK BF-220402-PEMBROKE CLASSIC SPORT BLACK BF-220402-PEMBROKE CLASSIC SPORT NAVY 282C BF-220402-PEMBROKE CLASSIC SPORT OLIVE BF-220402-PEMBROKE HUF BLACK BF-220402-PEMB,4,1
18052022-4,BF-220402-PEMBROKE CLASSIC SPORT GREY,3,1
18052022-3,AD-220305-REDFILLS PATCH & PATTERN 2,2,1
16052022-2,DYC-CH1-220507-James Blunt,1,1
