product_id,assign_product_stockout_id,quantity_stockout_by_req
1,9163,0.500000
1,16579,4.500000
1,19089,30.000000
1,20661,285.250000
2,11341,549.000000
2,12168,366.000000
2,12260,200.000000
2,17298,0.700000
2,17831,1.000000
2,21084,5.000000
9,9182,1.000000
9,14590,0.500000
10,6783,1.500000
10,12472,4.500000
12,6792,4.000000
12,6782,7.000000
12,11951,0.500000
13,6778,4.000000
13,14593,0.500000
14,6794,2.000000
14,6784,2.000000
15,6785,5.000000
15,14592,0.500000
15,17827,1.000000
15,17828,1.000000
16,6786,3.000000
17,6781,5.000000
27,8832,1.200000
29,6175,2.000000
29,17285,1.000000
29,19606,0.500000
29,20089,5.000000
71,13658,0.300000
73,5298,0.500000
74,7405,0.500000
74,8656,3.000000
74,8472,1.000000
74,11240,91.000000
74,11239,5.000000
74,11365,3.000000
74,12474,1.000000
74,15396,2.500000
74,16603,0.500000
74,18738,0.500000
74,19045,0.500000
82,17344,0.600000
82,8218,58.000000
82,7380,43.640000
82,7381,4.800000
82,7385,1.560000
82,8833,2.500000
82,11339,534.600000
82,17302,3.000000
82,17972,50.000000
82,18737,1.500000
82,19362,0.500000
84,18427,0.500000
84,17970,0.500000
86,21660,8.000000
91,16229,0.500000
93,9948,2.000000
94,9947,2.000000
96,7395,1.000000
96,11364,5.000000
96,16228,2.000000
96,17964,0.500000
96,20084,1.000000
96,20292,1.000000
102,6169,2.000000
102,7386,2.500000
102,8171,2.000000
102,8657,1.000000
102,11343,191.900000
102,12184,2.000000
102,13426,1.000000
102,13610,2.000000
102,13784,5.000000
102,14539,1.500000
102,15992,4.000000
102,18731,3.500000
102,19053,2.000000
102,20085,4.000000
102,20157,3.000000
102,20748,1.500000
102,21762,1.000000
102,21778,1.000000
107,6189,3.000000
107,14575,0.500000
107,15991,1.000000
114,4864,1.000000
114,6174,2.000000
115,21777,1.000000
118,19058,0.500000
122,19997,3.500000
127,6192,2.000000
127,12473,4.000000
127,12833,0.300000
131,6180,2.000000
131,7387,3.000000
131,8655,1.500000
131,19057,2.000000
131,20078,1.000000
131,21760,0.500000
144,7404,1.000000
144,8653,0.500000
144,11366,3.000000
144,19044,2.000000
147,21761,0.500000
149,6170,0.500000
149,7406,0.500000
149,8654,0.500000
149,10989,0.500000
149,19052,0.500000
152,5297,0.500000
152,12185,1.000000
152,12177,1.000000
152,13611,6.000000
152,20293,1.000000
156,19061,0.500000
158,6172,0.500000
159,6171,0.500000
159,20092,0.500000
163,5284,2.000000
167,6191,2.000000
168,5285,2.000000
171,5295,3.000000
172,7413,0.500000
177,13431,0.500000
187,7402,0.500000
187,10991,0.500000
187,12187,0.600000
187,15993,6.000000
187,17312,1.000000
187,19046,1.500000
187,19090,7.500000
187,20750,6.000000
194,6176,0.500000
194,6203,1.000000
194,11241,18.000000
194,13424,0.500000
194,15994,4.000000
199,11243,2.000000
201,6199,0.500000
201,7394,0.500000
201,8170,1.000000
201,13612,3.000000
201,17835,1.000000
201,19063,0.500000
228,19051,1.000000
228,20087,1.000000
231,9910,4.000000
235,5361,1.500000
235,7400,0.500000
235,8172,4.000000
235,11245,5.000000
235,15995,5.000000
245,6202,3.000000
249,6193,2.000000
249,10990,0.500000
249,13607,3.000000
249,13663,3.000000
249,18732,3.500000
258,8751,0.500000
264,7411,0.500000
271,17975,13.000000
273,6201,1.000000
273,7403,0.500000
273,12194,0.500000
273,17967,0.500000
277,16585,3.000000
277,19060,0.500000
282,17345,2.500000
282,19613,0.500000
282,21783,0.500000
308,16588,1.000000
308,18740,8.000000
308,19601,0.500000
308,19998,10.000000
308,20152,0.500000
316,17974,1.000000
316,19040,2.000000
316,19599,0.500000
317,7397,1.000000
317,21578,2.340000
317,21579,2.570000
317,21580,2.090000
317,17316,25.000000
317,19039,1.000000
326,6177,0.500000
348,12192,2.000000
348,19595,0.500000
367,6200,1.000000
371,10995,0.500000
373,7409,1.000000
382,8660,1.000000
401,19041,0.500000
405,12189,2.000000
405,20091,1.000000
405,20737,1.000000
407,19042,0.500000
409,19597,1.500000
416,9306,1.000000
435,16598,0.500000
436,5286,3.000000
436,16601,0.500000
438,5289,3.000000
438,16597,0.500000
438,18567,4.000000
440,16600,0.500000
440,18566,4.000000
440,18730,2.000000
441,5387,1.000000
441,5763,1.000000
442,7103,1.500000
447,7104,1.500000
452,8749,5.000000
469,21597,5.000000
469,16591,0.500000
488,5577,3.500000
488,6763,20.000000
488,11350,4.000000
488,14344,1.500000
488,17844,0.500000
491,7110,54.000000
491,8635,3.000000
491,9911,1.500000
491,11348,2.500000
493,5303,10.000000
493,6764,54.000000
493,10996,3.000000
493,11349,4.000000
493,11373,1.000000
493,12196,0.500000
493,14343,1.900000
495,9944,7.000000
498,15986,3.000000
499,17843,3.000000
510,16593,0.500000
510,16006,3.000000
517,15998,2.000000
518,18570,4.000000
585,10971,11.000000
585,5293,2.000000
585,6769,3.000000
594,6768,3.000000
596,18726,10.000000
596,18727,3.000000
597,11236,1.500000
597,18728,33.000000
598,5282,0.500000
598,5764,3.000000
598,21596,0.500000
598,12179,4.000000
601,5288,4.000000
606,18733,20.000000
608,18734,115.000000
609,5283,1.000000
609,5384,20.000000
609,6770,9.000000
609,21595,18.000000
609,8828,3.000000
609,18568,2.000000
609,20149,40.000000
611,21600,1.000000
614,21601,10.000000
614,16592,0.500000
616,5571,22.000000
616,5572,9.000000
620,5488,2.000000
629,17299,3.000000
631,5291,4.000000
642,14538,2.000000
642,17311,3.000000
656,21602,8.000000
659,5573,22.000000
659,5574,9.000000
663,15981,2.000000
675,16599,0.500000
691,17850,1.000000
691,18580,2.000000
716,18574,4.000000
720,6168,3.000000
732,6767,3.000000
737,10306,1.200000
739,6766,3.000000
739,16594,0.500000
740,13447,1.000000
745,16595,0.500000
745,15976,2.000000
745,16005,3.000000
746,17840,4.000000
763,16590,0.500000
763,21766,0.500000
777,6186,1.000000
777,7388,0.500000
777,11375,1.000000
777,12197,2.000000
777,13429,2.000000
777,19359,0.500000
789,16009,3.000000
793,12165,1104.500000
800,10102,2.000000
807,12200,1.000000
811,21091,365.600000
811,6788,12.000000
813,12173,1.000000
837,12174,3.000000
839,12201,1.000000
842,8024,30.000000
842,8025,10.000000
859,13436,1.000000
862,6789,5.000000
879,11238,6.000000
898,5307,5.000000
904,6787,6.000000
904,8745,10.000000
904,12166,511.890000
904,12167,65.110000
909,8637,0.500000
909,21768,1.500000
922,7111,4.000000
922,16589,1.000000
922,21765,4.000000
933,7642,2.000000
933,9160,0.500000
950,19088,68.000000
953,20167,40.000000
953,20168,4.600000
966,7396,2.000000
966,17963,1.000000
966,19047,3.000000
966,21785,1.000000
986,7407,3.000000
987,12502,2.500000
1005,21770,1.500000
1008,21780,1.000000
1011,16013,8.000000
1011,21786,1.000000
1023,5308,0.500000
1023,8831,0.500000
1023,8819,0.500000
1030,6194,1.000000
1030,8651,3.000000
1030,8830,1.500000
1030,9161,1.500000
1030,12903,1.500000
1030,21769,1.500000
1035,8473,3.000000
1035,16014,5.000000
1042,19643,6.000000
1042,19644,2.000000
1042,21083,5.000000
1046,6178,2.000000
1050,7398,2.000000
1050,9166,1.200000
1050,16587,1.000000
1050,17297,0.700000
1050,17830,3.500000
1050,17962,1.000000
1050,19048,1.000000
1050,19097,2.500000
1059,6771,4.000000
1059,16021,5.000000
1059,21781,1.000000
1061,5766,2.000000
1061,18966,1.000000
1061,21774,3.500000
1065,20150,8.500000
1065,21811,43.500000
1066,10173,4.009999
1066,10174,3.990001
1069,6184,2.000000
1109,15988,2.000000
1110,17841,4.000000
1111,11954,0.500000
1111,16007,2.000000
1112,18575,3.000000
1117,11955,0.500000
1117,15999,2.000000
1118,18571,3.000000
1123,20086,0.500000
1124,21547,0.500000
1128,8205,10.000000
1128,10101,2.000000
1130,18357,4.500000
1137,14580,2.000000
1137,19610,1.000000
1141,21555,0.500000
1142,11956,0.500000
1150,11957,0.500000
1151,11953,0.500000
1152,18735,114.830000
1154,11958,0.500000
1165,11959,0.500000
1165,16001,3.000000
1165,20159,2.000000
1169,8835,2.000000
1169,13446,1.000000
1169,18729,28.000000
1180,11960,0.500000
1198,15985,3.000000
1216,18359,0.200000
1216,20158,2.000000
1235,6198,3.000000
1235,19055,1.000000
1235,19091,6.000000
1238,5388,1.000000
1238,8652,3.000000
1238,19064,3.500000
1238,21752,2.000000
1242,7415,2.000000
1248,19607,1.500000
1248,20161,1.500000
1252,8744,2.000000
1261,14348,2.000000
1261,14349,9.000000
1267,20663,8.000000
1271,20666,8.000000
1274,6196,1.000000
1274,12193,1.000000
1274,20156,1.000000
1277,7399,0.500000
1280,5281,2.500000
1280,7416,2.000000
1281,9942,4.000000
1281,21556,10.000000
1281,20667,5.000000
1281,20734,2.000000
1281,21773,3.000000
1282,19645,1.000000
1282,20155,1.000000
1282,20749,1.000000
1285,14588,1.000000
1285,18581,30.000000
1285,18741,1.500000
1285,19230,1.500000
1285,20151,1.000000
1285,21772,1.000000
1286,20659,35.000000
1287,5804,7.500000
1287,8471,10.000000
1287,19608,10.000000
1287,21080,136.000000
1288,16581,2.000000
1288,17836,2.000000
1290,20665,8.000000
1291,16582,2.000000
1293,20664,8.000000
1306,6204,2.000000
1306,6197,2.000000
1306,21566,1.000000
1306,17286,1.000000
1306,20162,2.000000
1309,16584,2.000000
1309,20094,3.000000
1310,8650,4.000000
1310,9941,3.000000
1312,8747,1.000000
1312,8748,1.000000
1312,12461,1.000000
1312,12462,1.000000
1312,12463,1.000000
1312,12464,1.000000
1312,12465,1.000000
1312,12466,1.000000
1312,12467,1.000000
1312,12468,1.000000
1312,12469,1.000000
1312,12470,1.000000
1329,15983,3.000000
1329,21557,1.000000
1330,15984,1.500000
1331,15982,1.500000
1331,19609,1.000000
1332,11963,0.500000
1335,11964,0.500000
1335,17971,4.000000
1338,11965,0.500000
1338,14586,1.000000
1341,11368,0.500000
1341,11966,0.500000
1341,18723,2.000000
1344,11967,0.500000
1344,18724,0.200000
1445,5309,1.000000
1445,8824,3.000000
1445,13443,2.000000
1445,17856,2.000000
1445,18578,1.000000
1445,21525,10.000000
1446,8827,1.000000
1446,13444,1.000000
1446,17857,1.000000
1481,12180,1.000000
1481,14582,0.500000
1481,18358,0.500000
1482,21558,0.500000
1484,11371,0.500000
1484,12183,1.000000
1484,18360,0.200000
1484,19050,1.000000
1490,21081,1.000000
1514,21598,1.000000
1514,15990,1.000000
1514,18736,3.000000
1514,19231,5.000000
1514,20166,3.000000
1519,21604,5.000000
1527,21079,80.000000
1528,5304,3.000000
1528,6765,4.000000
1528,17845,0.500000
1535,17853,3.000000
1537,5301,2.000000
1537,14581,0.500000
1537,19611,0.500000
1539,11370,0.500000
1539,15978,1.000000
1539,17847,1.000000
1539,20082,1.000000
1540,21627,2.000000
1541,5305,5.000000
1541,17846,0.500000
1554,15987,1.000000
1554,19062,0.500000
1557,11369,0.500000
1557,12182,1.000000
1557,16596,0.500000
1557,18725,3.000000
1559,20735,0.500000
1562,20736,0.500000
1599,14584,1.000000
1600,20077,5.000000
1615,15980,2.000000
1624,16000,4.000000
1625,8834,2.000000
1625,18572,4.000000
1630,13622,1.000000
1632,16003,4.000000
1633,18573,4.000000
1634,15989,2.000000
1635,14311,13.000000
1635,17842,4.000000
1648,11970,0.500000
1651,5294,5.000000
1651,11971,0.500000
1652,16602,0.500000
1653,8829,3.000000
1653,11968,0.500000
1653,14577,2.000000
1653,16023,2.000000
1654,8825,3.000000
1654,11949,1.000000
1654,14579,2.000000
1654,16022,2.000000
1654,20081,4.000000
1675,6185,3.000000
1675,8658,2.000000
1676,16019,5.000000
1677,16020,5.000000
1690,6181,1.000000
1742,6182,3.000000
1742,9165,1.500000
1742,9927,1.200000
1742,13440,3.000000
1744,10997,2.000000
1744,16018,5.000000
1746,16017,5.000000
1756,6205,2.000000
1756,13621,1.000000
1756,14540,0.500000
1759,13629,4.000000
1759,13609,4.000000
1764,10998,2.000000
1785,8750,1.000000
1807,6183,2.000000
1807,11367,2.000000
1810,5767,3.000000
1834,14585,1.000000
1835,12178,2.000000
1836,5576,1.000000
1859,17849,0.500000
1859,17973,4.500000
1922,19603,1.000000
1922,20080,1.000000
1926,19604,1.000000
1929,10992,0.500000
1929,12188,3.000000
1929,12834,0.300000
1929,16230,0.500000
1929,17966,0.500000
1929,18739,1.000000
1929,19043,3.000000
1929,19092,2.200000
1929,19598,0.500000
1930,21611,7.000000
1930,7105,2.500000
1932,17968,0.500000
1933,7408,0.500000
1933,12190,1.000000
1933,17965,0.500000
1933,19596,0.500000
1935,7106,3.000000
1938,6795,2.500000
1939,19094,2.500000
1939,20088,2.000000
1941,7401,0.500000
1941,13432,0.500000
1941,21759,1.000000
1942,7107,12.000000
1942,8857,2.000000
1944,7108,8.000000
1944,8855,1.500000
1946,13664,8.000000
1946,19612,0.500000
1948,9950,1.000000
1948,17289,21.000000
1949,7410,0.500000
1951,6780,9.000000
1951,8221,2.000000
1955,5299,0.500000
1956,4865,3.500000
1956,14583,1.000000
1956,15996,1.000000
1956,19602,0.500000
1957,12191,1.000000
1957,19059,1.000000
1957,20090,0.500000
1960,15394,3.000000
1960,16604,1.000000
1961,11372,0.500000
1961,12471,15.000000
1962,18569,0.500000
1963,6779,5.000000
1963,8219,2.000000
1963,14589,1.000000
1964,12181,0.500000
1965,7109,5.000000
1965,8856,1.500000
1966,6791,4.000000
1966,11950,0.500000
1966,14591,1.000000
1966,17825,1.000000
1966,17826,1.000000
1981,11244,2.500000
1993,7390,0.500000
1997,7391,0.500000
1997,12186,0.500000
1997,13439,1.000000
1999,5770,2.600000
1999,5771,0.900000
1999,13423,0.500000
2011,6179,1.000000
2011,17284,1.000000
2011,20079,1.000000
2011,21782,0.500000
2091,6195,5.000000
2091,12176,1.000000
2091,15393,2.000000
2110,8661,2.000000
2110,16008,2.000000
2112,16010,2.000000
2113,8659,0.500000
2114,21661,2.300000
2116,7412,0.500000
2117,13434,1.000000
2117,16016,2.000000
2117,19095,1.800000
2124,19096,1.200000
2127,19093,1.000000
2128,6190,5.000000
2128,13433,0.500000
2129,12175,3.000000
2129,16586,2.000000
2129,21664,5.000000
2146,17340,2.000000
2146,17283,1.200000
2150,13435,0.500000
2150,17282,2.000000
2150,21662,0.500000
2150,21663,1.000000
2152,20160,2.000000
2167,5761,1.500000
2167,8820,1.000000
2167,13437,1.000000
2167,14536,2.000000
2167,15395,12.000000
2169,8166,1.500000
2170,8167,1.500000
2170,16578,4.500000
2195,10993,1.000000
2195,12195,1.000000
2195,17838,0.500000
2195,19056,1.000000
2195,19360,0.500000
2213,7325,0.600000
2213,19605,0.500000
2213,20083,3.000000
2274,11347,15.000000
2275,20741,2.000000
2276,21082,2.000000
2277,21560,2.000000
2281,20739,2.000000
2282,20738,3.000000
2288,12902,14.500000
2333,20740,2.000000
2335,12580,9.000000
2335,12581,1.000000
2337,10972,3.000000
2337,6790,9.000000
2337,9949,2.000000
2337,21360,55.500000
2337,21750,2.000000
2340,12582,3.000000
2346,11242,32.000000
2346,11335,274.200000
2346,12475,1.000000
2346,15397,4.000000
2346,16580,1.500000
2346,17295,3.500000
2346,17296,4.500000
2347,11337,73.200000
2348,7112,5.000000
2348,9162,0.500000
2348,12574,1.500000
2348,11336,219.600000
2348,21582,4.000000
2348,17318,15.000000
2349,4866,1.500000
2349,7429,1.000000
2349,13425,1.000000
2349,17290,6.500000
2349,17832,0.700000
2350,17341,13.500000
2350,17342,4.000000
2350,8843,183.000000
2351,21085,182.800000
2351,12263,100.000000
2351,11246,8.000000
2351,11334,100.000000
2353,8746,73.200000
2353,12265,73.200000
2353,11342,73.200000
2355,5775,100.000000
2358,6544,91.400000
2358,8223,91.400000
2358,21583,4.000000
2358,17319,15.000000
2358,16225,274.200000
2358,18429,168.000000
2358,18464,14.800000
2358,20148,182.800000
2361,17985,30.000000
2378,15375,605.000000
2388,18584,3.000000
2393,18585,3.000000
2398,9178,152.000000
2403,21615,73.000000
2403,12489,100.000000
2404,5747,20.000000
2404,17662,22.000000
2404,18999,20.000000
2405,11355,802.000000
2406,9185,130.000000
2406,7568,60.000000
2407,9179,25.000000
2407,7383,100.000000
2410,5769,600.000000
2410,9180,185.000000
2414,8315,43.000000
2434,12905,12.000000
2441,12908,2.000000
2442,9181,48.000000
2448,5717,20.000000
2448,10302,3000.000000
2448,17775,60.000000
2481,18964,20.000000
2483,18963,20.000000
2490,17768,18.000000
2490,20391,500.000000
2492,17766,15.000000
2495,6540,100.000000
2495,9212,3573.000000
2508,6541,100.000000
2508,17619,50.000000
2512,9213,1124.000000
2512,21073,100.000000
2515,21616,73.000000
2515,9186,140.000000
2515,7569,60.000000
2515,12490,150.000000
2515,17769,15.000000
2517,17765,125.000000
2518,9707,30.000000
2526,6542,100.000000
2526,9215,4128.000000
2534,9216,1124.000000
2534,14247,20.000000
2534,20746,10.000000
2535,9217,3004.000000
2535,17620,50.000000
2539,15634,30.000000
2543,21013,0.000000
2543,21014,0.000000
2543,21015,0.000000
2543,21016,0.000000
2543,21017,0.000000
2543,21018,0.000000
2543,21019,0.000000
2543,21020,0.000000
2543,21021,0.000000
2543,21022,0.000000
2543,21023,0.000000
2543,21551,50.000000
2545,9214,3004.000000
2545,17611,50.000000
2560,6539,520.000000
2562,10161,102.000000
2597,12754,101.000000
2615,7378,5.000000
2626,12572,60.000000
2654,8785,25.000000
2656,17991,30.000000
2661,21028,10.000000
2676,12268,4.000000
2676,12269,4.000000
2676,12270,2.000000
2676,12271,10.000000
2676,12272,7.000000
2676,12273,3.000000
2676,12274,8.000000
2676,12275,41.000000
2681,12276,24.000000
2681,12277,2.000000
2682,12278,7.000000
2682,12279,3.000000
2683,12280,1.000000
2684,12281,2.000000
2685,12282,10.000000
2686,12283,1.000000
2686,12284,4.000000
2686,12285,7.000000
2688,12286,2.000000
2689,12287,6.000000
2690,12288,2.000000
2692,12289,2.000000
2692,12290,2.000000
2696,12291,1.000000
2696,12292,5.000000
2700,12293,24.000000
2701,12294,11.000000
2702,12295,5.000000
2703,12296,2.000000
2705,12297,1.000000
2706,19350,1.000000
2710,12298,1.000000
2712,12299,2.000000
2715,12300,2.000000
2716,12301,5.000000
2717,12302,2.000000
2717,12303,3.000000
2717,12304,2.000000
2717,19351,2.000000
2717,19352,0.000000
2718,12305,2.000000
2718,12306,2.000000
2722,12307,5.000000
2722,12308,2.000000
2722,12309,3.000000
2722,12310,4.000000
2725,12311,5.000000
2727,12338,32.000000
2728,12339,4.000000
2728,12340,6.000000
2728,12341,2.000000
2728,12342,2.000000
2729,12343,1.000000
2731,12344,3.000000
2731,12345,4.000000
2731,12346,6.000000
2731,12347,5.000000
2731,12348,4.000000
2731,12349,5.000000
2732,12350,3.000000
2732,12351,3.000000
2735,12352,1.000000
2736,12353,1.000000
2740,12354,5.000000
2741,12355,2.000000
2742,12356,5.000000
2743,12357,2.000000
2743,12358,2.000000
2743,12359,2.000000
2746,12360,5.000000
2746,12361,2.000000
2747,12362,2.000000
2747,12363,7.000000
2747,12364,8.000000
2747,19302,6.000000
2748,12365,5.000000
2748,12366,2.000000
2748,12367,12.000000
2749,12368,2.000000
2749,12369,1.000000
2749,17273,30.000000
2750,12370,4.000000
2753,12371,5.000000
2753,12372,24.000000
2753,12373,1.000000
2753,12374,2.000000
2753,12375,4.000000
2753,12376,12.000000
2753,17276,7.000000
2753,19347,28.000000
2756,12377,3.000000
2758,12378,1.000000
2758,12379,30.000000
2761,12380,1.000000
2762,12381,7.000000
2762,12382,3.000000
2765,12383,2.000000
2765,12384,10.000000
2768,12385,2.000000
2768,12386,12.000000
2769,12387,4.000000
2769,12388,2.000000
2769,12389,3.000000
2771,12390,1.000000
2772,12391,3.000000
2772,12392,5.000000
2772,19345,4.000000
2774,12393,5.000000
2775,12394,4.000000
2775,12395,2.000000
2776,12396,3.000000
2776,12397,15.000000
2780,12398,3.000000
2784,12399,5.000000
2844,19353,3.000000
2844,19354,1.000000
2857,19305,5.000000
2857,19306,2.000000
2857,19307,2.000000
2857,19308,3.000000
2907,19344,5.000000
2923,21541,2.000000
2923,21542,1.000000
2932,19303,2.000000
2932,19304,1.000000
2956,19357,2.000000
2956,19358,1.000000
3011,19328,5.000000
3011,21543,1.000000
3084,19332,7.000000
3084,19333,2.000000
3084,19334,2.000000
3086,17322,3.000000
3108,19317,2.000000
3119,19314,20.000000
3119,19315,2.000000
3123,17323,12.000000
3123,17324,8.000000
3140,19318,1.000000
3166,17325,26.000000
3272,19322,30.000000
3272,19323,4.000000
3310,9218,6.000000
3310,15662,1.000000
3318,12157,52.000000
3322,9219,12.000000
3322,9104,18.000000
3323,15405,1.000000
3340,6513,2.000000
3341,6509,2.000000
3347,6514,2.000000
3351,11356,9.000000
3354,6515,2.000000
3357,10167,1.000000
3370,15659,2.000000
3374,9220,2.000000
3376,9221,2.000000
3381,17633,1.000000
3386,21626,1.000000
3395,14324,1.000000
3424,19001,5.000000
3426,20743,13.300000
3426,20744,1.700000
3438,14318,1.000000
3440,6510,2.000000
3440,12158,3.000000
3441,17637,1.000000
3444,17978,1.000000
3445,6214,1.000000
3445,9318,1.080000
3455,6517,2.000000
3455,21540,1.000000
3455,21529,1.000000
3458,6518,2.000000
3461,17621,1.000000
3465,6522,1.000000
3465,6523,1.000000
3470,17976,1.000000
3478,6527,2.000000
3491,17612,1.000000
3501,6512,2.000000
3503,17647,1.000000
3510,9317,25.000000
3510,14314,2.000000
3543,17622,1.000000
3547,10169,2.000000
3554,21475,1.000000
3557,4675,2.000000
3570,6543,2.000000
3588,21633,2.000000
3623,15661,1.000000
3632,9222,2.000000
3635,21033,0.500000
3635,21553,0.500000
3636,21625,1.000000
3636,21030,1.000000
3638,6531,2.000000
3645,9171,15.000000
3645,6532,2.000000
3645,6533,3.000000
3645,12159,33.000000
3655,21624,2.000000
3656,21631,2.000000
3657,6511,2.000000
3659,17623,1.000000
3666,21630,2.000000
3670,9223,16.000000
3670,15639,2.000000
3676,21032,1.000000
3684,21623,2.000000
3709,21617,73.000000
3709,9183,110.000000
3709,7570,60.000000
3709,12491,100.000000
3709,14238,10.000000
3713,17643,10.000000
3717,17989,20.000000
3723,21584,10.000000
3725,9177,9.000000
3728,15456,2013.000000
3729,17339,40.000000
3729,10144,260.000000
3730,21077,20.000000
3731,9231,2807.200000
3731,20586,2380.000000
3742,21074,5.000000
3743,17617,5.000000
3752,18960,5.000000
3757,9232,180.200000
3757,17649,10.000000
3759,4598,503.400000
3759,9233,352.000000
3774,9234,50.600000
3774,9293,20.000000
3775,9235,258.600000
3795,21523,97.000000
3800,17644,10.000000
3801,14240,10.000000
3802,14239,10.000000
3805,21592,180.000000
3806,21524,10.000000
3811,9320,5.000000
3811,21526,85.000000
3817,9236,185.800000
3817,15631,5.000000
3817,18961,5.000000
3820,9321,5.000000
3824,21522,74.000000
3828,10226,150.000000
3835,21585,5.100000
3835,15637,5.000000
3836,21587,4.000000
3837,21586,5.100000
3837,15638,5.000000
3838,21588,4.000000
3839,15627,2.000000
3841,9324,50.000000
3842,9322,50.000000
3842,17631,5.000000
3844,9325,30.000000
3845,9323,30.000000
3845,17632,5.000000
3850,21599,0.500000
3862,9305,50.000000
3863,17638,5.000000
3894,10228,40.000000
3894,6502,60.000000
3897,9312,100.000000
3906,17648,10.000000
3915,10227,100.000000
3915,6499,128.000000
3931,9315,120.000000
3932,21024,15.000000
3933,9314,600.000000
3934,9313,150.000000
3934,10151,40.000000
3936,21025,15.000000
3943,7377,2.000000
3943,9190,10.000000
3943,21530,30.000000
3961,17986,5.000000
3968,15626,20.000000
3983,16999,505.000000
3983,12749,60.000000
3983,12750,240.000000
4015,17000,64.000000
4027,21593,66.000000
4036,17639,5.000000
4039,9294,6.500000
4041,16011,30.000000
4079,17733,40.000000
4127,8317,15.000000
4127,14330,20.000000
4281,12756,101.000000
4281,12757,30.000000
4284,14331,20.000000
4327,5881,10.000000
4413,7374,13.000000
4436,5716,110.000000
4436,9326,20.000000
4441,9327,20.000000
4457,12826,40.000000
4457,7323,70.000000
4457,12835,5.000000
4457,19624,10.000000
4474,13776,6.000000
4475,5713,20.000000
4479,12485,20.000000
4479,17774,7.000000
4482,7324,50.000000
4501,11162,30.000000
4501,11288,148.000000
4501,12460,25.000000
4501,12906,35.000000
4501,14342,50.000000
4501,15621,30.000000
4503,6553,30.000000
4503,14341,30.000000
4511,21008,20.000000
4513,9268,20.000000
4513,10304,13.000000
4514,7375,30.000000
4514,7376,13.000000
4516,15620,20.000000
4520,7373,28.000000
4520,7421,49.000000
4520,12907,8.000000
4555,17664,300.000000
4555,19002,396.000000
4566,18025,30.000000
4567,18026,30.000000
4567,20534,27.000000
4570,18024,50.000000
4570,18583,40.000000
4578,7384,200.000000
4578,14315,200.000000
4627,21010,5.000000
4637,10170,20.000000
4647,18965,10.000000
4650,6549,20.000000
4653,14978,5.000000
4654,14977,55.000000
4666,10171,20.000000
4761,21472,7.000000
4825,18410,1000.000000
4852,8316,14.000000
4980,5212,4.000000
5012,5213,1.000000
5012,21070,30.000000
5088,11358,5.000000
5088,11359,178.000000
5088,11362,594.000000
5088,17834,90.000000
5088,17658,37.000000
5088,16605,10.000000
5137,13779,5.000000
5176,7318,1.000000
5177,7319,1.000000
5206,15671,20.000000
5280,6551,50.000000
5284,6550,100.000000
5284,17656,30.000000
5319,14237,10.000000
5320,14236,10.000000
5364,6548,100.000000
5365,9329,30.000000
5366,9328,30.000000
5380,14321,30.000000
5383,17613,30.000000
5386,17650,20.000000
5390,21620,73.000000
5390,12495,100.000000
5390,14319,30.000000
5391,21628,16.000000
5391,21629,4.000000
5391,10155,20.000000
5393,17625,20.000000
5393,17981,20.000000
5396,15664,10.000000
5398,9226,4128.000000
5398,17630,20.000000
5398,20747,15.000000
5399,9227,4128.000000
5399,17624,20.000000
5400,17641,20.000000
5401,17634,20.000000
5402,15635,30.000000
5403,17626,20.000000
5414,14345,60.000000
5419,15666,10.000000
5419,17615,200.000000
5421,10225,84.000000
5421,9174,450.000000
5421,6501,15.000000
5421,8636,23.000000
5421,14322,50.000000
5423,15663,10.000000
5427,17654,20.000000
5443,5706,820.000000
5443,7320,50.000000
5457,14346,45.000000
5457,15636,30.000000
5458,21622,73.000000
5458,9187,175.000000
5458,7382,20.000000
5458,12912,50.000000
5458,12496,100.000000
5458,13786,50.000000
5458,21078,50.000000
5460,15665,10.000000
5460,15630,20.000000
5460,17635,20.000000
5461,9225,4128.000000
5461,12253,100.000000
5461,15632,50.000000
5461,21040,50.000000
5463,17338,85.000000
5463,7422,40.000000
5463,15670,20.000000
5472,17627,20.000000
5489,17636,20.000000
5511,17616,30.000000
5511,17771,65.000000
5512,15628,30.000000
5514,9319,30.000000
5515,14323,30.000000
5516,6555,50.000000
5516,10999,20.000000
5516,15667,10.000000
5516,14249,30.000000
5516,17958,75.000000
5518,15668,10.000000
5518,17955,150.000000
5530,14245,20.000000
5532,15624,20.000000
5547,17640,20.000000
5547,17655,20.000000
5548,21618,73.000000
5548,12492,100.000000
5548,14248,20.000000
5553,21621,73.000000
5553,12493,100.000000
5553,17652,20.000000
5553,21076,10.000000
5554,14244,20.000000
5554,17614,30.000000
5555,10156,20.000000
5555,14246,20.000000
5555,17646,20.000000
5557,14320,30.000000
5558,17980,30.000000
5561,17629,20.000000
5564,6500,20.000000
5564,9228,1404.000000
5565,9229,2724.000000
5566,17642,20.000000
5570,21619,73.000000
5570,12494,100.000000
5582,15629,20.000000
5582,17651,20.000000
5583,17653,20.000000
5583,21075,10.000000
5589,15623,20.000000
5594,10154,20.000000
5594,15970,50.000000
5732,6503,1000.000000
5732,9191,400.000000
5733,21609,300.000000
5733,6504,400.000000
5733,10152,400.000000
5737,21026,0.000000
5737,21027,0.000000
5737,21552,10.000000
5767,17691,10.000000
5768,21031,1.000000
5771,6526,2.000000
5772,6519,2.000000
5773,6530,2.000000
5774,6525,2.000000
5775,6529,2.000000
5776,6528,1.000000
5776,17333,1.000000
5776,12156,6.000000
5777,6520,2.000000
5778,6524,2.000000
5780,8011,2.000000
5781,6516,2.000000
5784,17977,1.000000
5839,6521,2.000000
5863,9241,4128.000000
5896,12498,70.000000
5903,12499,70.000000
5907,9240,4128.000000
5924,17628,5.000000
5932,12497,70.000000
5933,9239,4128.000000
5937,21591,6.000000
5938,21590,70.000000
5946,6552,1.000000
5946,10168,1.000000
5948,11363,6.000000
5948,12758,2.000000
5948,12744,4.000000
5948,12745,3.000000
5954,17304,255.000000
5955,13777,10.000000
5958,17334,150.000000
5958,12575,72.000000
5958,13785,160.000000
6018,21607,4.000000
6067,21608,2.000000
6075,21606,2.000000
6152,17663,1000.000000
6185,5715,142.000000
6185,17320,42.000000
6185,17321,70.000000
6190,11357,2.000000
6190,15318,1.000000
6191,9172,2.000000
6195,21603,50.000000
6195,5772,700.000000
6195,6777,100.000000
6195,12256,700.000000
6195,17313,500.000000
6195,14232,1200.000000
6195,20662,500.000000
6195,21359,500.000000
6196,5781,600.000000
6196,14233,1600.000000
6196,18435,600.000000
6196,20147,1000.000000
6197,10157,2.000000
6197,8483,6.000000
6197,18434,100.000000
6199,9189,2400.000000
6199,12576,153.000000
6199,21532,5000.000000
6200,16993,102.000000
6203,17776,10.000000
6204,21478,200.000000
6205,21502,30.000000
6206,12761,20.000000
6206,17791,20.000000
6209,12519,1.000000
6210,17793,50.000000
6217,12782,200.000000
6217,21496,300.000000
6217,21497,300.000000
6235,21512,200.000000
6235,21513,25.000000
6245,12784,200.000000
6248,12765,200.000000
6248,12774,200.000000
6248,21487,300.000000
6248,21488,300.000000
6257,12778,200.000000
6257,21489,300.000000
6258,12766,200.000000
6258,12775,200.000000
6258,12776,200.000000
6258,12777,200.000000
6258,21479,300.000000
6259,12764,200.000000
6259,12771,200.000000
6259,12772,200.000000
6259,12773,200.000000
6259,21485,300.000000
6259,21486,300.000000
6296,12767,200.000000
6296,12768,200.000000
6296,12769,200.000000
6296,21482,300.000000
6296,21483,300.000000
6305,17784,5.000000
6323,12789,10.000000
6324,12788,10.000000
6344,21499,20.000000
6345,21500,20.000000
6347,21506,20.000000
6368,12786,200.000000
6368,12787,200.000000
6369,12762,200.000000
6369,12770,200.000000
6369,21491,300.000000
6384,12763,200.000000
6384,21493,300.000000
6385,21494,300.000000
6386,21501,20.000000
6408,21492,300.000000
6423,17792,10.000000
6441,12781,200.000000
6441,21498,300.000000
6444,17789,30.000000
6444,17790,30.000000
6444,21504,50.000000
6475,21495,300.000000
6488,21508,10.000000
6497,21505,20.000000
6532,12785,200.000000
6532,21480,300.000000
6532,21481,300.000000
6533,21515,10.000000
6548,17788,30.000000
6580,21614,73.000000
6580,7428,200.000000
6580,11354,911.000000
6580,12751,105.000000
6580,12752,410.000000
6580,11952,50.000000
6580,12909,800.000000
6580,12488,100.000000
6580,17660,101.000000
6580,17736,15.000000
6580,19000,20.000000
6580,20745,480.000000
6580,21457,420.000000
6581,14242,20.000000
6584,17618,50.000000
6586,15669,50.000000
6587,9238,333.000000
6587,9158,140.000000
6590,9237,12384.000000
6594,21610,2500.000000
6594,9242,3406.000000
6594,12501,100.000000
6597,20536,3.000000
6598,20535,2.000000
6599,20538,13.500000
6600,20537,8.500000
6603,18022,50.000000
6604,18023,50.000000
6606,7317,5.000000
6608,5779,500.000000
6608,8222,300.000000
6608,9253,200.000000
6608,12198,100.000000
6608,12259,300.000000
6608,16606,800.000000
6608,16226,1000.000000
6608,18432,500.000000
6608,18433,300.000000
6612,6498,149.000000
6614,12517,35.000000
6623,12170,45.700000
6629,15975,45.700000
6634,8228,45.700000
6639,8226,200.000000
6639,21093,150.000000
6640,11346,200.000000
6643,5777,300.000000
6643,21089,150.000000
6643,8224,300.000000
6643,20164,400.000000
6643,21090,200.000000
6644,17328,160.000000
6644,17329,31.000000
6645,17326,75.000000
6645,17327,100.000000
6670,11961,0.500000
6674,11962,0.500000
6684,15979,1.000000
6684,16002,1.000000
6689,16004,0.500000
6691,17852,1.000000
6691,20742,2.000000
6718,17332,200.000000
6719,10148,5.000000
6729,9159,610.000000
6729,16994,200.000000
6731,10094,50.000000
6731,12760,4.000000
6732,12500,6.000000
6736,4221,1250.000000
6736,8844,87.000000
6736,10145,1450.000000
6737,9230,163.000000
6740,10149,76.000000
6740,21531,100.000000
6743,12511,200.000000
6743,21037,200.000000
6744,4223,698.000000
6744,8846,51.000000
6744,10093,20.000000
6744,10146,850.000000
6744,12512,200.000000
6744,17303,711.000000
6744,21039,200.000000
6752,21072,225.000000
6759,17335,40.000000
6759,5714,5.000000
6764,12518,200.000000
6775,10095,100.000000
6775,10150,200.000000
6775,10147,475.000000
6775,12513,200.000000
6775,21038,200.000000
6776,21071,945.000000
6777,4222,450.000000
6777,8845,360.000000
6787,17960,120.000000
6788,21536,10.000000
6789,7759,135.000000
6789,17336,25.000000
6789,15013,10.000000
6790,17959,20.000000
6806,21537,40.000000
6807,9157,10.000000
6807,12913,1.000000
6807,12561,1.000000
6823,12251,2.000000
6823,15014,3.000000
6824,15016,3.000000
6824,21538,1.000000
6856,17839,120.000000
6861,7426,0.080000
6861,7427,79.920000
6872,12911,250.000000
6885,12573,550.000000
6885,16732,1069.900000
6885,16992,130.100000
6885,16991,300.000000
6968,20761,252.000000
6968,20762,52.000000
6976,8847,80.000000
6997,20758,183.250000
6997,20759,2.900000
6998,20756,253.000000
6998,20757,9.700000
7211,19273,91.000000
7281,20765,4.000000
7282,20766,48.000000
7330,16583,2.000000
7498,7392,5.000000
7499,9945,2.000000
7509,20153,8.500000
7509,20154,0.500000
7516,8220,13.000000
7516,11382,13.000000
7516,17288,7.000000
7540,17305,255.000000
7548,12584,7.000000
7553,9164,25.000000
7554,6556,100.000000
7554,10162,100.000000
7554,17659,101.000000
7555,11360,401.000000
7564,9184,30.000000
7564,12487,100.000000
7564,13774,11.000000
7564,13775,189.000000
7564,19594,303.000000
7565,12579,101.000000
7566,9176,240.000000
7566,7571,36.000000
7566,14316,30.000000
7578,14325,100.000000
7578,18998,20.000000
7579,11353,401.000000
7579,14326,100.000000
7582,14328,50.000000
7582,17983,100.000000
7583,13010,29.000000
7583,13011,44.000000
7583,13012,34.000000
7590,14329,30.000000
7591,21567,30.000000
7592,12753,101.000000
7592,12748,405.000000
7592,14327,50.000000
7592,17982,100.000000
7593,17343,15.000000
7594,17734,15.000000
7601,20587,35.000000
7608,14243,20.000000
7608,18959,10.000000
7610,21534,70.000000
7626,9175,80.000000
7628,15633,10.000000
7631,15625,20.000000
7631,17767,15.000000
7632,17764,5.000000
7633,21533,261.000000
7646,16742,800.000000
7646,18481,50.000000
7647,16743,251.000000
7647,18482,55.000000
7649,19907,120.000000
7650,17979,10.000000
7655,13657,6.000000
7692,17004,164.000000
7697,17735,10.000000
7804,5292,5.000000
7804,5300,6.000000
7804,11969,0.500000
7804,17287,14.000000
7804,17829,14.000000
7805,21632,2.000000
7808,14241,50.000000
7811,18577,8.000000
7811,19646,72.000000
7812,5287,2.000000
7812,6188,3.000000
7812,8826,3.000000
7812,14578,2.000000
7812,18576,5.000000
7813,6187,2.000000
7816,10158,2.000000
7816,8854,2.000000
7817,10159,2.000000
7817,16236,3.000000
7822,21771,5.000000
7824,6545,91.400000
7824,8227,45.700000
7824,9251,45.700000
7824,12262,91.400000
7824,11333,228.500000
7824,12169,45.900000
7824,12267,45.500000
7824,16607,137.100000
7824,21092,91.400000
7827,15622,30.000000
7827,17645,30.000000
7827,18962,50.000000
7830,18958,30.000000
7832,18957,30.000000
7835,15516,90.000000
7853,19348,3.000000
7853,19349,1.000000
7872,12515,40.000000
7872,21036,40.000000
7874,8318,1.000000
7874,8788,1.000000
7874,8789,1.000000
7874,8790,1.000000
7874,8791,1.000000
7874,8792,1.000000
7874,8793,1.000000
7874,8842,1193.000000
7874,12172,1800.000000
7878,12171,500.000000
7878,18430,1500.000000
7879,7322,5.000000
7879,8319,4.000000
7879,21521,3.000000
7881,5385,2.000000
7885,21474,310.000000
7886,5718,50.000000
7887,5575,30.000000
7887,6793,1.500000
7887,12257,77.000000
7887,12258,30.000000
7907,10188,4.000000
7914,17315,2.000000
7914,20585,2.000000
7915,17314,2.000000
7915,17761,1.000000
7915,17762,1.000000
7915,17763,2.000000
7915,20584,2.000000
7920,12514,40.000000
7921,12516,40.000000
7921,21035,40.000000
7923,5776,200.000000
7923,21088,400.000000
7923,8225,99.295000
7923,21605,283.710000
7923,12266,200.000000
7923,11344,400.000000
7923,16610,200.000000
7923,16577,200.000000
7923,20165,200.000000
7932,9316,205.000000
7932,11361,420.000000
7942,21011,5.000000
7943,19016,100.000000
7949,6554,10.000000
7949,8848,425.000000
7949,8849,30.000000
7949,21029,50.000000
7950,18722,1.000000
7951,9192,30.000000
7958,5302,0.500000
7958,15977,0.500000
7965,18021,100.000000
8001,13780,10.000000
8052,19015,100.000000
8053,6776,1.200000
8053,6773,1.000000
8053,8823,3.000000
8053,13442,2.000000
8055,19361,0.500000
8064,21613,112.000000
8064,21564,70.000000
8065,14317,2.000000
8077,17337,15.000000
8085,18561,4.000000
8085,18562,16.000000
8092,10211,449.000000
8092,18560,10.000000
8124,5780,0.500000
8124,19087,10.000000
8131,21784,5.000000
8145,17848,1.000000
8148,9928,1.500000
8151,6534,1.000000
8151,13608,0.200000
8159,17608,85.000000
8159,17956,21.000000
8160,17957,12.000000
8160,18692,10.000000
8162,17006,1288.000000
8162,17661,165.000000
8178,13656,0.500000
8232,6173,2.000000
8232,12199,1.500000
8233,12755,48.000000
8233,12747,190.000000
8234,10176,10.000000
8234,15660,0.500000
8239,12783,200.000000
8251,8168,6.000000
8256,11374,5.000000
8256,16015,5.000000
8264,13438,0.500000
8264,17851,1.000000
8264,21763,1.000000
8270,9173,40.000000
8278,6546,45.700000
8278,8229,45.700000
8278,9252,45.700000
8278,12261,45.700000
8278,11332,91.400000
8278,16609,91.400000
8280,12264,45.700000
8280,11338,45.700000
8281,11345,45.700000
8288,12577,80.000000
8298,17783,2.000000
8299,17782,5.000000
8301,10153,3000.000000
8302,5386,2.000000
8302,5762,2.000000
8302,12819,1.500000
8302,13630,1.500000
8311,5778,54.900000
8311,21086,439.200000
8311,6547,274.500000
8311,8230,109.800000
8311,11340,465.300000
8311,16608,137.100000
8311,16227,274.500000
8311,18431,384.300000
8311,20163,329.400000
8311,21087,108.900000
8319,15020,5.000000
8319,21012,20.000000
8322,21764,1.000000
8323,10160,2.000000
8347,16231,120.000000
8378,19013,20.000000
8378,19014,10.000000
8378,17984,10.000000
8383,19600,0.500000
8390,13778,55.000000
8390,21539,60.000000
8398,6508,2.000000
8399,16733,400.000000
8422,16235,215.400000
8434,5768,3.000000
8434,11383,11.500000
8434,11384,4.000000
8434,11385,22.100000
8434,11386,4.400000
8434,17837,1.000000
8436,11388,4.000000
8439,11387,4.500000
8440,11389,11.000000
8441,11390,7.000000
8441,11391,4.000000
8446,14537,5.000000
8453,17271,2.000000
8453,17272,3.000000
8458,16995,1.800000
8458,16996,35.680000
8458,16997,1.000000
8458,16998,214.520000
8464,12252,4.000000
8464,15015,6.000000
8497,21612,76.000000
8497,12486,75.000000
8499,21549,5.000000
8508,16989,8.250000
8508,16990,341.750000
8508,19003,710.000000
8508,19623,1220.000000
8508,20045,1200.000000
8511,20760,5.800000
8512,20763,126.000000
8512,20764,45.000000
8522,21574,60.000000
8522,14518,300.000000
8523,15515,30.000000
8543,21659,8.000000
8562,5719,20.000000
8567,7321,6.000000
8588,17780,10.000000
8588,17781,8.000000
8589,17779,10.000000
8592,11237,15.000000
8594,21568,20.000000
8594,21559,10.000000
8615,21767,0.500000
8622,17787,50.000000
8630,17265,7.000000
8630,17266,2.000000
8630,17267,2.000000
8630,17268,5.000000
8630,17269,1.000000
8630,17270,2.000000
8631,19339,35.000000
8631,19340,1.000000
8631,19341,1.000000
8631,19342,2.000000
8631,21544,6.000000
8642,11352,682.000000
8659,12910,0.500000
8693,7414,50.000000
8693,7379,150.000000
8733,17001,24.760000
8733,17002,164.000000
8733,17003,63.240000
8734,5765,2.000000
8765,19326,2.000000
8765,19327,0.000000
8766,19324,2.000000
8766,19325,0.000000
8771,17277,5.000000
8771,17278,2.000000
8771,17279,9.000000
8773,19299,1.000000
8780,5306,5.000000
8780,18436,2.000000
8782,17005,64.000000
8827,17657,20.000000
8841,17786,1.000000
8845,21565,69.000000
8854,12915,1.000000
8868,19335,8.000000
8868,19336,16.000000
8868,19337,11.000000
8868,19338,3.000000
8876,19300,2.000000
8878,5290,2.000000
8916,12759,100.000000
8937,19313,7.000000
8938,19319,1.000000
8938,19320,0.000000
8948,17785,2.000000
8949,12780,100.000000
8950,12779,100.000000
8954,16233,176.000000
8957,19301,1.000000
8958,9170,10.000000
8958,9169,5.000000
8958,9168,10.000000
8958,9167,560.000000
8958,5720,217.500000
8958,5774,15.000000
8969,10172,30.000000
8972,19321,3.000000
8999,7393,0.500000
9007,21589,50.000000
9008,12746,647.000000
9008,21561,117.000000
9008,21562,83.000000
9008,21563,84.000000
9027,17833,165.000000
9028,21809,23.560000
9037,5296,5.000000
9042,10987,1.000000
9042,21576,3.500000
9042,13427,2.000000
9042,13659,7.000000
9042,13660,3.500000
9043,6535,6.000000
9043,21594,2.000000
9043,10988,2.000000
9043,21577,14.000000
9043,13428,2.000000
9043,13661,36.000000
9043,13662,14.500000
9044,7761,3004.000000
9044,12571,2400.000000
9044,12161,24.000000
9044,15658,700.000000
9045,7760,8806.000000
9045,12570,2300.000000
9045,12160,72.000000
9059,19310,2.000000
9059,19311,12.000000
9059,19312,10.000000
9060,19309,2.000000
9062,19316,2.000000
9066,16234,32.100000
9092,20733,20.000000
9095,10163,5.000000
9095,12400,4.000000
9098,10994,0.500000
9098,19054,1.000000
9098,20660,16.000000
9104,5360,2.000000
9104,5383,15.000000
9105,5382,30.000000
9105,5773,3.000000
9112,8850,39.000000
9113,15514,30.000000
9114,21362,108.000000
9119,11381,10.000000
9120,11380,10.000000
9122,21476,10.000000
9122,21477,2.000000
9125,10175,25.000000
9125,21581,2.000000
9125,17317,4.500000
9125,17910,55.500000
9158,17300,3.000000
9160,17301,3.000000
9168,10164,5.000000
9199,11379,3.000000
9200,11378,15.000000
9211,17274,3.000000
9211,17275,2.000000
9213,19329,3.000000
9257,14340,18.290000
9317,13614,1000.000000
9319,15250,2.000000
9340,21545,1.000000
9341,9946,0.600000
9349,9250,292.000000
9357,7389,0.500000
9357,8853,1.000000
9358,13430,10.000000
9358,13628,600.000000
9363,12578,109.000000
9368,9249,540.000000
9370,17794,20.000000
9371,17795,20.000000
9376,17306,5.000000
9376,17307,4.000000
9376,17308,1.000000
9382,12904,1000.000000
9384,21573,22.000000
9408,19355,2.000000
9408,19356,0.000000
9412,19330,1.000000
9412,19331,0.000000
9426,8640,1.000000
9426,21569,1.000000
9427,8641,1.000000
9427,21570,1.000000
9428,8638,5.400000
9429,8642,2.000000
9429,21571,3.000000
9430,8643,4.500000
9430,21572,0.500000
9431,8639,5.000000
9433,17778,30.000000
9433,21511,60.000000
9434,8787,12.000000
9434,8786,12.000000
9435,9188,2.000000
9436,9224,12.000000
9437,9943,2.000000
9437,21751,2.000000
9438,9940,1.000000
9456,18428,1.000000
9456,17969,1.000000
9461,19619,1.500000
9462,19620,1.500000
9463,10985,0.500000
9463,19616,2.000000
9464,19621,1.000000
9465,10986,2.000000
9465,14587,2.000000
9466,19618,1.500000
9475,19622,1.500000
9500,17770,200.000000
9505,21575,6.000000
9509,19232,152.000000
9554,17310,3.000000
9554,21665,1.000000
9564,21527,1.000000
9565,21528,1.000000
9566,21094,100.000000
9605,16012,8.000000
9605,21779,1.000000
9606,15390,39.000000
9606,17292,1.000000
9606,18361,23.000000
9607,15391,32.000000
9607,17293,3.000000
9607,18721,17.900000
9608,15392,10.000000
9608,17294,2.000000
9608,18362,8.500000
9635,17331,100.000000
9636,17330,50.000000
9640,13445,2.000000
9640,17855,0.500000
9641,13441,2.000000
9641,17854,0.500000
9641,18579,2.070000
9674,19615,1.500000
9675,19617,1.500000
9684,19614,0.500000
9684,20093,0.500000
9712,21009,5.000000
9713,21548,1.500000
9714,19065,1.000000
9715,14576,1.000000
9715,15997,2.000000
9719,17291,10.000000
9722,20076,4.000000
9726,21550,200.000000
9730,17988,5.000000
9731,21546,5.000000
9732,17987,5.000000
9741,17309,1.000000
9741,17796,1.000000
9743,16223,36.000000
9744,16224,44.000000
9745,16222,16.000000
9764,15971,1798.000000
9765,15972,1798.000000
9766,15973,1798.000000
9767,15974,1798.000000
9790,17990,1.000000
9801,17777,200.000000
9852,19346,12.000000
9853,21484,300.000000
9854,21490,300.000000
9855,21509,50.000000
9856,21510,10.000000
9857,21507,6.000000
9858,21503,50.000000
9898,19049,5.000000
9904,19343,36.000000
9935,21554,1.000000
9983,21517,30.000000
9986,21518,50.000000
9987,21520,20.000000
9992,21514,10.000000
9993,21516,30.000000
9994,21519,80.000000
10155,21776,3.000000
10161,21775,1.500000
10165,21473,1.000000
10218,21812,45.000000
10220,21949,40.000000
10220,21955,10.000000
10220,21950,15.000000
10220,21956,0.000000
10234,21960,41.000000
10236,21951,50.000000
10236,21953,10.000000
10236,21952,0.000000
10236,21954,60.000000
10236,21959,51.000000
10251,21963,61.000000
10252,21962,21.000000
10253,21961,31.000000
10264,22171,0.100000
10264,22172,0.100000
10264,22173,0.130000
10265,22160,1.000000
10265,22161,0.100000
10265,22162,0.100000
10265,22163,0.100000
10265,22164,0.100000
10265,22165,0.100000
10265,22166,0.100000
10265,22167,0.100000
10265,22168,0.100000
10265,22169,0.100000
10265,22170,0.100000
10265,23110,0.000000
