request_id,req_stockout_code,req_stockout_status,is_complete_req
1,16062022-1,completed,0
2,16062022-2,completed,0
3,16062022-3,completed,0
4,16062022-4,completed,1
5,16062022-5,completed,1
6,16062022-6,completed,0
7,16062022-7,completed,0
9,16062022-8,completed,0
10,16062022-10,completed,0
11,16062022-11,completed,0
12,16062022-12,completed,0
13,16062022-13,completed,0
14,16062022-14,completed,0
16,16062022-16,completed,1
17,16062022-17,completed,1
18,17062022-18,completed,1
19,17062022-19,completed,0
20,17062022-20,completed,0
21,17062022-21,completed,1
22,17062022-22,completed,1
23,17062022-23,completed,1
27,17062022-27,completed,0
28,18062022-28,completed,0
29,18062022-29,completed,0
30,18062022-30,completed,0
31,18062022-31,completed,0
32,18062022-32,completed,0
33,18062022-33,completed,0
34,18062022-34,completed,0
35,18062022-35,completed,0
36,20062022-36,completed,0
37,20062022-37,completed,0
39,20062022-39,completed,1
40,20062022-40,completed,0
41,20062022-41,completed,0
42,20062022-42,completed,0
43,20062022-43,completed,0
45,20062022-45,completed,0
46,20062022-46,completed,0
47,20062022-47,completed,0
48,20062022-48,completed,0
49,20062022-49,completed,0
50,20062022-50,completed,0
52,20062022-52,completed,0
53,20062022-53,completed,0
56,20062022-56,completed,0
58,20062022-58,completed,1
59,20062022-59,completed,0
60,21062022-60,completed,0
61,21062022-61,completed,0
62,21062022-62,completed,0
63,21062022-63,completed,0
64,21062022-64,completed,0
65,21062022-65,completed,0
68,22062022-68,completed,0
69,22062022-69,completed,0
70,22062022-70,completed,0
71,22062022-71,completed,0
72,22062022-72,completed,0
73,22062022-73,completed,0
76,22062022-76,completed,0
78,22062022-78,completed,0
79,22062022-79,completed,0
80,22062022-80,completed,0
81,22062022-81,completed,0
83,22062022-83,completed,0
85,22062022-85,completed,0
86,23062022-86,completed,0
87,23062022-87,completed,0
89,23062022-89,completed,0
90,23062022-90,completed,0
91,23062022-91,completed,0
92,23062022-92,completed,0
93,23062022-93,completed,0
96,23062022-94,completed,0
97,23062022-97,completed,0
98,23062022-98,completed,0
99,23062022-99,completed,0
100,23062022-100,completed,0
102,24062022-102,completed,0
103,24062022-103,completed,1
104,24062022-104,completed,0
106,24062022-106,completed,0
107,24062022-107,completed,0
108,24062022-108,completed,0
110,25062022-110,completed,0
111,25062022-111,completed,1
112,25062022-112,completed,0
113,25062022-113,completed,0
114,25062022-114,completed,0
115,25062022-115,completed,0
117,25062022-117,completed,0
119,26062022-119,completed,0
120,27062022-120,completed,0
122,27062022-122,completed,0
123,27062022-123,completed,0
124,27062022-124,completed,0
126,28062022-126,completed,0
127,28062022-127,completed,0
128,28062022-128,completed,0
129,28062022-129,completed,0
130,28062022-130,completed,0
131,28062022-131,completed,0
132,28062022-132,completed,0
135,28062022-135,completed,1
136,28062022-136,completed,0
138,28062022-138,completed,0
139,28062022-139,completed,0
140,29062022-140,completed,0
141,29062022-141,completed,1
142,29062022-142,completed,0
143,29062022-143,completed,0
144,29062022-144,completed,0
145,29062022-145,completed,0
147,29062022-146,completed,0
148,29062022-148,completed,0
149,29062022-149,completed,0
150,29062022-150,completed,0
152,29062022-151,completed,0
153,30062022-153,completed,0
154,30062022-154,completed,0
156,30062022-156,completed,0
157,30062022-157,completed,0
158,30062022-158,completed,0
159,30062022-159,completed,0
160,30062022-160,completed,0
162,01072022-162,completed,0
164,01072022-164,completed,0
165,01072022-165,completed,0
166,01072022-166,completed,0
168,01072022-168,completed,0
169,01072022-169,completed,0
173,01072022-172,completed,0
174,01072022-174,completed,0
175,01072022-175,completed,0
177,01072022-177,completed,0
179,01072022-179,completed,0
180,02072022-180,completed,1
181,02072022-181,completed,0
183,02072022-183,completed,0
184,02072022-184,completed,0
185,02072022-185,completed,0
186,02072022-186,completed,0
187,04072022-187,completed,0
188,04072022-188,completed,0
189,04072022-189,completed,0
190,04072022-190,completed,0
191,04072022-191,completed,0
192,04072022-192,completed,0
194,04072022-193,completed,0
195,04072022-195,completed,0
196,04072022-196,completed,0
197,05072022-197,completed,1
198,05072022-198,completed,0
200,05072022-200,completed,0
201,05072022-201,approval,0
202,05072022-202,completed,1
203,05072022-203,completed,0
206,05072022-206,completed,1
207,05072022-207,completed,0
208,05072022-208,completed,0
209,05072022-209,completed,0
210,05072022-210,completed,1
211,05072022-211,completed,0
212,05072022-212,completed,0
213,05072022-213,completed,0
214,06072022-214,completed,0
216,06072022-215,approval,0
218,06072022-218,approval,0
219,06072022-219,completed,0
220,06072022-220,completed,0
222,06072022-222,completed,0
224,06072022-224,completed,0
225,06072022-225,completed,0
226,07072022-226,completed,0
227,07072022-227,completed,0
229,07072022-229,completed,0
230,07072022-230,completed,0
231,07072022-231,completed,0
233,07072022-233,completed,0
234,07072022-234,completed,0
235,07072022-235,completed,0
236,08072022-236,completed,0
237,08072022-237,completed,0
238,08072022-238,completed,0
240,08072022-240,completed,0
241,08072022-241,completed,0
242,08072022-242,completed,0
243,08072022-243,completed,0
244,08072022-244,completed,0
246,08072022-246,completed,0
247,08072022-247,completed,0
248,09072022-248,completed,0
249,09072022-249,completed,0
250,11072022-250,completed,0
251,11072022-251,completed,0
252,11072022-252,completed,0
254,11072022-254,completed,0
255,11072022-255,completed,0
256,12072022-256,completed,0
257,12072022-257,completed,0
258,12072022-258,completed,0
259,12072022-259,completed,0
260,12072022-260,completed,0
262,12072022-262,completed,0
263,12072022-263,completed,0
264,12072022-264,completed,0
265,12072022-265,completed,0
267,12072022-267,completed,0
269,13072022-269,completed,0
270,13072022-270,completed,0
273,13072022-273,completed,0
274,13072022-274,completed,0
275,13072022-275,completed,0
276,13072022-276,completed,0
277,13072022-277,completed,0
279,13072022-279,completed,0
280,13072022-280,completed,0
282,13072022-282,completed,0
283,13072022-283,completed,0
284,13072022-284,completed,0
285,13072022-285,completed,0
286,13072022-286,completed,0
287,13072022-287,completed,0
288,14072022-288,completed,0
289,14072022-289,completed,0
290,14072022-290,completed,1
291,14072022-291,completed,0
292,14072022-292,completed,0
293,14072022-293,completed,0
294,14072022-294,completed,0
295,14072022-295,completed,0
296,14072022-296,completed,0
298,14072022-297,completed,0
299,14072022-299,completed,0
300,15072022-300,completed,0
301,15072022-301,completed,0
302,15072022-302,completed,0
303,15072022-303,completed,0
304,15072022-304,completed,0
305,15072022-305,completed,0
306,15072022-306,completed,0
307,15072022-307,completed,0
308,15072022-308,completed,0
309,15072022-309,completed,0
310,15072022-310,completed,1
311,15072022-311,completed,0
312,15072022-312,completed,0
313,15072022-313,completed,0
314,15072022-314,completed,0
315,16072022-315,completed,0
316,16072022-316,completed,0
318,16072022-318,completed,0
319,16072022-319,completed,0
320,16072022-320,completed,0
321,16072022-321,completed,0
322,16072022-322,completed,0
324,16072022-324,completed,0
325,16072022-325,completed,0
326,16072022-326,completed,0
328,16072022-328,completed,0
329,16072022-329,completed,0
331,16072022-331,completed,0
332,16072022-332,completed,0
333,16072022-333,completed,0
334,18072022-334,completed,0
335,18072022-335,completed,0
336,18072022-336,completed,0
337,18072022-337,completed,0
338,18072022-338,completed,0
339,18072022-339,completed,0
346,19072022-346,completed,0
348,19072022-348,completed,0
349,19072022-349,completed,0
350,19072022-350,completed,0
351,19072022-351,completed,0
352,19072022-352,completed,0
354,19072022-354,completed,0
355,19072022-355,completed,0
356,19072022-356,completed,0
357,19072022-357,completed,0
358,19072022-358,completed,0
359,20072022-359,completed,0
360,20072022-360,completed,0
362,20072022-362,completed,0
363,20072022-363,completed,0
364,21072022-364,completed,0
367,21072022-366,completed,0
368,21072022-368,completed,0
369,21072022-369,completed,0
370,21072022-370,completed,0
371,21072022-371,completed,0
372,21072022-372,completed,0
373,21072022-373,completed,0
375,21072022-375,completed,0
376,21072022-376,completed,0
378,22072022-378,completed,0
380,22072022-379,completed,0
382,22072022-382,completed,0
383,22072022-383,completed,0
384,22072022-384,completed,0
386,22072022-386,completed,0
387,22072022-387,completed,0
388,22072022-388,completed,0
392,22072022-392,completed,0
393,22072022-393,completed,0
394,22072022-394,completed,0
395,22072022-395,completed,0
396,22072022-396,completed,0
397,23072022-397,completed,0
399,23072022-399,completed,0
400,23072022-400,completed,0
406,23072022-406,completed,0
407,23072022-407,completed,0
408,23072022-408,completed,0
409,23072022-409,completed,0
411,25072022-411,completed,0
412,25072022-412,completed,0
413,25072022-413,completed,0
414,25072022-414,completed,0
415,25072022-415,completed,0
416,25072022-416,completed,0
417,25072022-417,completed,0
418,25072022-418,completed,0
419,26072022-419,completed,0
420,26072022-420,completed,0
421,26072022-421,completed,0
425,26072022-425,completed,0
426,26072022-426,completed,0
427,26072022-427,completed,0
428,27072022-428,completed,0
429,27072022-429,completed,0
431,27072022-431,completed,0
432,27072022-432,completed,0
433,27072022-433,completed,0
434,27072022-434,completed,0
435,27072022-435,completed,0
437,27072022-437,completed,0
438,27072022-438,completed,0
439,27072022-439,completed,0
443,28072022-443,completed,0
444,28072022-444,completed,0
447,28072022-447,completed,0
448,28072022-448,completed,0
451,28072022-451,completed,0
452,28072022-452,completed,0
453,28072022-453,completed,0
455,28072022-455,completed,0
457,29072022-457,completed,0
458,29072022-458,completed,0
459,29072022-459,completed,0
460,29072022-460,completed,0
462,29072022-461,completed,0
463,29072022-463,completed,0
464,29072022-464,completed,0
465,29072022-465,completed,0
466,29072022-466,completed,0
468,29072022-468,completed,0
469,29072022-469,completed,0
470,29072022-470,completed,0
471,29072022-471,completed,0
472,29072022-472,completed,0
473,30072022-473,completed,0
474,30072022-474,completed,1
475,30072022-475,completed,0
478,30072022-476,completed,0
480,30072022-479,completed,0
482,30072022-482,completed,0
484,30072022-484,completed,0
485,30072022-485,completed,0
487,01082022-487,completed,0
488,01082022-488,completed,1
489,01082022-489,completed,0
490,01082022-490,completed,0
491,01082022-491,completed,0
492,01082022-492,completed,1
493,01082022-493,completed,0
494,01082022-494,completed,0
496,01082022-496,completed,0
497,01082022-497,completed,0
498,01082022-498,completed,0
499,01082022-499,completed,0
501,02082022-501,completed,0
502,02082022-502,completed,0
504,02082022-503,completed,0
505,02082022-505,completed,0
506,02082022-506,completed,0
507,02082022-507,completed,0
509,02082022-509,completed,0
510,02082022-510,completed,1
512,02082022-511,completed,0
513,02082022-513,completed,0
515,03082022-515,completed,0
516,03082022-516,completed,0
517,03082022-517,completed,0
518,03082022-518,completed,0
519,03082022-519,completed,0
520,03082022-520,completed,0
521,03082022-521,completed,0
522,03082022-522,completed,0
523,03082022-523,completed,0
524,04082022-524,completed,0
527,04082022-527,completed,0
529,04082022-528,completed,0
530,04082022-530,completed,0
531,04082022-531,completed,0
535,04082022-535,completed,0
536,04082022-536,completed,0
537,04082022-537,completed,0
540,04082022-540,completed,0
541,04082022-541,completed,0
542,05082022-542,completed,0
544,05082022-544,completed,0
545,05082022-545,completed,0
546,05082022-546,completed,0
547,05082022-547,completed,0
549,05082022-549,completed,0
550,05082022-550,completed,0
551,05082022-551,completed,0
553,05082022-553,completed,0
554,05082022-554,completed,0
559,06082022-559,completed,0
562,06082022-562,completed,0
563,06082022-563,completed,0
564,06082022-564,completed,0
566,06082022-566,completed,0
569,06082022-569,completed,0
570,06082022-570,completed,0
572,06082022-572,completed,0
573,06082022-573,completed,0
575,08082022-575,completed,0
576,08082022-576,completed,0
577,08082022-577,completed,0
578,08082022-578,completed,0
579,08082022-579,completed,0
583,08082022-583,completed,0
585,08082022-585,completed,0
586,08082022-586,completed,0
587,08082022-587,completed,0
588,08082022-588,completed,0
589,08082022-589,completed,0
590,08082022-590,completed,0
591,08082022-591,completed,0
592,08082022-592,completed,0
593,08082022-593,completed,0
594,09082022-594,completed,0
595,09082022-595,completed,0
596,09082022-596,completed,0
597,09082022-597,completed,0
598,09082022-598,completed,0
601,09082022-601,completed,0
602,09082022-602,completed,0
603,09082022-603,completed,0
604,09082022-604,completed,0
605,09082022-605,completed,0
606,09082022-606,completed,0
607,09082022-607,completed,0
610,10082022-610,completed,0
611,10082022-611,completed,0
614,10082022-614,completed,0
615,10082022-615,completed,0
617,10082022-617,completed,0
618,10082022-618,completed,0
619,10082022-619,completed,0
620,10082022-620,completed,0
626,10082022-626,completed,0
627,10082022-627,completed,0
630,11082022-630,completed,0
631,11082022-631,completed,0
634,11082022-634,completed,0
636,11082022-636,completed,0
637,11082022-637,completed,0
638,11082022-638,completed,0
639,11082022-639,completed,0
643,11082022-640,completed,0
645,11082022-645,completed,0
646,11082022-646,completed,0
647,11082022-647,completed,0
648,11082022-648,completed,0
649,11082022-649,completed,0
650,11082022-650,completed,0
651,11082022-651,completed,0
653,11082022-653,completed,0
654,11082022-654,completed,0
656,11082022-656,completed,0
658,12082022-658,completed,0
659,12082022-659,completed,0
663,12082022-663,completed,0
664,12082022-664,completed,0
665,12082022-665,completed,0
666,12082022-666,completed,0
667,12082022-667,completed,0
668,12082022-668,completed,0
669,12082022-669,completed,0
671,12082022-671,completed,0
673,12082022-673,completed,0
674,13082022-674,completed,0
675,13082022-675,completed,0
676,13082022-676,completed,0
678,13082022-678,completed,0
679,13082022-679,completed,0
680,13082022-680,completed,0
681,13082022-681,completed,0
683,15082022-683,completed,0
685,15082022-685,completed,0
687,15082022-687,completed,0
690,15082022-690,completed,0
691,15082022-691,completed,0
696,15082022-696,completed,0
697,15082022-697,completed,0
698,16082022-698,completed,0
699,16082022-699,completed,0
700,16082022-700,completed,0
701,16082022-701,completed,0
702,16082022-702,completed,0
703,16082022-703,completed,0
704,16082022-704,completed,0
705,16082022-705,completed,0
706,16082022-706,completed,1
707,16082022-707,completed,1
708,16082022-708,completed,0
709,16082022-709,completed,0
717,17082022-717,completed,0
718,17082022-718,completed,0
720,17082022-720,completed,0
721,17082022-721,completed,0
722,17082022-722,completed,0
723,17082022-723,completed,0
726,17082022-726,completed,0
727,17082022-727,completed,0
728,17082022-728,completed,0
729,17082022-729,completed,0
730,17082022-730,completed,0
731,17082022-731,completed,0
732,17082022-732,completed,0
733,17082022-733,completed,0
735,17082022-735,completed,0
736,17082022-736,completed,0
738,18082022-738,completed,0
739,18082022-739,completed,0
742,18082022-742,completed,0
744,18082022-744,completed,0
746,18082022-746,completed,0
747,18082022-747,completed,0
748,18082022-748,completed,1
750,18082022-750,completed,0
752,18082022-752,completed,0
753,18082022-753,completed,0
754,19082022-754,completed,0
755,19082022-755,completed,0
757,19082022-757,completed,0
760,19082022-760,completed,0
762,19082022-762,completed,0
764,19082022-764,completed,0
765,19082022-765,completed,0
766,19082022-766,completed,0
767,19082022-767,completed,0
768,19082022-768,completed,0
770,19082022-770,completed,0
771,19082022-771,completed,0
772,19082022-772,completed,0
773,19082022-773,completed,0
774,19082022-774,completed,0
775,19082022-775,completed,0
777,19082022-777,completed,0
780,19082022-778,completed,0
781,19082022-781,completed,0
783,19082022-783,completed,0
784,20082022-784,completed,0
788,20082022-788,completed,0
789,20082022-789,completed,0
790,20082022-790,completed,0
791,20082022-791,completed,0
792,20082022-792,completed,0
793,20082022-793,completed,0
794,20082022-794,completed,0
795,20082022-795,completed,0
797,21082022-797,completed,0
799,22082022-799,completed,0
800,22082022-800,completed,0
801,22082022-801,completed,0
802,22082022-802,completed,0
803,22082022-803,completed,0
804,22082022-804,completed,0
807,22082022-806,completed,0
808,23082022-808,completed,0
809,23082022-809,completed,0
810,23082022-810,completed,0
811,23082022-811,completed,0
812,23082022-812,completed,0
814,23082022-814,completed,0
815,23082022-815,completed,0
817,23082022-817,completed,0
819,23082022-819,completed,0
820,23082022-820,completed,0
822,23082022-822,completed,0
825,24082022-825,completed,0
826,24082022-826,completed,0
827,24082022-827,completed,0
828,24082022-828,completed,0
829,24082022-829,completed,0
830,24082022-830,completed,0
831,24082022-831,completed,0
832,24082022-832,completed,0
833,24082022-833,completed,0
834,25082022-834,completed,0
835,25082022-835,completed,1
836,25082022-836,completed,0
838,25082022-837,completed,0
839,25082022-839,completed,0
840,25082022-840,completed,0
842,25082022-842,completed,0
845,26082022-845,completed,0
846,26082022-846,completed,1
847,26082022-847,completed,0
849,26082022-849,completed,0
850,26082022-850,completed,0
851,26082022-851,completed,0
852,26082022-852,completed,0
853,26082022-853,completed,0
855,26082022-855,completed,0
858,27082022-858,completed,0
859,27082022-859,completed,0
861,27082022-861,completed,0
862,27082022-862,completed,0
863,27082022-863,completed,0
864,27082022-864,completed,1
866,27082022-866,completed,0
867,27082022-867,completed,0
868,27082022-868,completed,0
870,27082022-870,completed,0
871,27082022-871,completed,0
872,27082022-872,completed,0
873,27082022-873,completed,0
875,27082022-875,completed,0
878,27082022-876,completed,0
879,29082022-879,completed,0
880,29082022-880,completed,0
882,29082022-882,completed,0
884,29082022-884,completed,0
886,29082022-886,completed,0
887,29082022-887,completed,0
889,29082022-889,completed,0
890,29082022-890,completed,1
893,29082022-893,completed,0
894,29082022-894,completed,0
895,29082022-895,completed,0
896,29082022-896,completed,0
897,29082022-897,completed,0
899,29082022-899,completed,0
900,29082022-900,completed,0
901,29082022-901,completed,0
902,29082022-902,completed,0
903,30082022-903,completed,0
905,30082022-905,completed,0
906,30082022-906,completed,0
907,30082022-907,completed,0
909,30082022-909,completed,0
912,30082022-912,completed,0
913,30082022-913,completed,0
914,30082022-914,completed,0
915,30082022-915,completed,0
916,30082022-916,completed,0
917,30082022-917,completed,0
918,30082022-918,completed,0
919,30082022-919,completed,0
920,31082022-920,completed,0
921,31082022-921,completed,0
922,31082022-922,completed,0
924,31082022-924,completed,0
926,31082022-926,completed,0
928,31082022-928,completed,0
931,31082022-931,completed,0
932,01092022-932,completed,0
933,01092022-933,completed,0
934,01092022-934,completed,0
935,01092022-935,completed,0
936,01092022-936,completed,0
938,01092022-937,completed,0
939,01092022-939,completed,0
940,05092022-940,completed,0
941,05092022-941,completed,0
942,05092022-942,completed,0
943,05092022-943,completed,0
945,05092022-945,completed,0
946,05092022-946,completed,0
947,05092022-947,completed,0
948,05092022-948,completed,0
953,05092022-953,completed,0
954,05092022-954,completed,0
956,05092022-956,completed,0
957,05092022-957,completed,0
958,06092022-958,completed,0
959,06092022-959,completed,0
960,06092022-960,completed,0
961,06092022-961,completed,0
963,06092022-963,completed,0
965,06092022-964,completed,0
966,06092022-966,completed,0
970,07092022-970,completed,0
971,07092022-971,completed,0
973,07092022-972,completed,0
974,07092022-974,completed,0
979,07092022-979,completed,0
982,07092022-982,completed,0
983,07092022-983,completed,0
984,07092022-984,completed,0
985,07092022-985,completed,0
986,07092022-986,completed,0
988,08092022-988,completed,0
991,08092022-991,completed,0
993,08092022-993,completed,0
994,08092022-994,completed,0
995,08092022-995,completed,0
998,09092022-998,completed,0
999,09092022-999,completed,0
1000,09092022-1000,completed,0
1001,09092022-1001,completed,0
1002,09092022-1002,completed,0
1003,09092022-1003,completed,0
1004,09092022-1004,completed,0
1005,09092022-1005,completed,0
1007,09092022-1007,completed,0
1008,09092022-1008,completed,0
1009,09092022-1009,completed,0
1011,09092022-1011,completed,0
1012,09092022-1012,completed,0
1014,09092022-1014,completed,0
1015,09092022-1015,completed,0
1016,09092022-1016,completed,0
1017,10092022-1017,completed,0
1018,10092022-1018,completed,0
1019,12092022-1019,completed,0
1020,12092022-1020,completed,0
1022,12092022-1021,completed,0
1023,12092022-1023,completed,0
1024,12092022-1024,completed,0
1025,12092022-1025,completed,0
1027,12092022-1027,completed,0
1028,12092022-1028,completed,0
1029,12092022-1029,completed,0
1031,12092022-1031,completed,0
1032,12092022-1032,completed,0
1036,12092022-1036,completed,0
1037,12092022-1037,completed,0
1039,12092022-1039,completed,0
1040,12092022-1040,completed,0
1041,13092022-1041,completed,0
1042,13092022-1042,completed,0
1044,13092022-1044,completed,0
1046,13092022-1046,completed,0
1047,13092022-1047,completed,0
1049,13092022-1049,completed,0
1050,13092022-1050,completed,0
1052,13092022-1052,completed,0
1054,13092022-1054,completed,0
1056,14092022-1056,completed,0
1057,14092022-1057,completed,0
1059,14092022-1058,completed,0
1060,14092022-1060,completed,0
1061,14092022-1061,completed,0
1062,14092022-1062,completed,0
1064,14092022-1064,completed,0
1065,14092022-1065,completed,0
1067,19092022-1067,completed,0
1068,19092022-1068,completed,0
1069,19092022-1069,completed,0
1070,19092022-1070,completed,0
1071,19092022-1071,completed,0
1072,19092022-1072,completed,0
1073,19092022-1073,completed,0
1075,19092022-1075,completed,0
1076,19092022-1076,completed,0
1077,19092022-1077,completed,0
1078,20092022-1078,completed,0
1079,20092022-1079,completed,0
1080,20092022-1080,completed,0
1083,20092022-1083,completed,0
1086,20092022-1086,completed,0
1087,20092022-1087,completed,0
1088,20092022-1088,completed,0
1089,20092022-1089,completed,0
1090,20092022-1090,completed,0
1091,20092022-1091,completed,0
1092,20092022-1092,completed,0
1093,20092022-1093,completed,0
1094,20092022-1094,completed,0
1095,20092022-1095,completed,0
1099,21092022-1098,completed,0
1100,21092022-1100,completed,0
1101,21092022-1101,completed,0
1102,21092022-1102,completed,0
1104,21092022-1104,completed,0
1105,21092022-1105,completed,0
1106,21092022-1106,completed,0
1109,21092022-1109,completed,0
1110,21092022-1110,completed,0
1111,21092022-1111,completed,0
1112,21092022-1112,completed,0
1113,21092022-1113,completed,0
1115,21092022-1115,completed,0
1116,21092022-1116,completed,0
1117,22092022-1117,completed,0
1118,22092022-1118,completed,0
1119,22092022-1119,completed,0
1120,22092022-1120,completed,0
1121,22092022-1121,completed,0
1122,22092022-1122,completed,0
1123,22092022-1123,completed,0
1124,22092022-1124,completed,0
1127,22092022-1127,completed,0
1128,22092022-1128,completed,0
1130,22092022-1130,completed,0
1132,23092022-1132,completed,0
1135,23092022-1135,completed,0
1136,23092022-1136,completed,0
1137,23092022-1137,completed,0
1138,23092022-1138,completed,0
1139,23092022-1139,completed,0
1140,23092022-1140,completed,0
1141,23092022-1141,completed,0
1142,23092022-1142,completed,0
1143,23092022-1143,completed,0
1144,23092022-1144,completed,0
1145,23092022-1145,completed,0
1146,23092022-1146,completed,0
1147,23092022-1147,completed,0
1148,23092022-1148,completed,0
1149,23092022-1149,completed,0
1150,23092022-1150,completed,0
1151,23092022-1151,completed,0
1152,23092022-1152,completed,0
1153,23092022-1153,completed,0
1154,23092022-1154,completed,0
1155,23092022-1155,completed,0
1156,24092022-1156,completed,0
1159,24092022-1159,completed,1
1160,24092022-1160,completed,0
1161,24092022-1161,completed,0
1162,24092022-1162,completed,0
1163,24092022-1163,completed,0
1164,24092022-1164,completed,0
1167,26092022-1167,completed,1
1168,26092022-1168,completed,1
1170,26092022-1170,completed,1
1171,26092022-1171,completed,0
1173,26092022-1173,completed,0
1174,26092022-1174,completed,0
1175,26092022-1175,completed,0
1176,26092022-1176,completed,0
1178,27092022-1178,completed,0
1179,27092022-1179,completed,1
1180,27092022-1180,completed,0
1181,27092022-1181,completed,0
1182,27092022-1182,completed,0
1185,27092022-1185,completed,0
1186,27092022-1186,completed,0
1187,27092022-1187,completed,0
1188,27092022-1188,completed,0
1189,27092022-1189,completed,0
1190,27092022-1190,completed,0
1191,27092022-1191,completed,1
1192,27092022-1192,completed,0
1193,27092022-1193,completed,0
1194,27092022-1194,completed,1
1195,27092022-1195,completed,0
1198,28092022-1198,completed,0
1199,28092022-1199,completed,0
1200,28092022-1200,completed,0
1201,28092022-1201,completed,0
1202,28092022-1202,completed,0
1203,28092022-1203,completed,0
1204,28092022-1204,completed,0
1205,28092022-1205,completed,0
1206,28092022-1206,completed,0
1207,28092022-1207,completed,0
1208,28092022-1208,completed,0
1209,28092022-1209,completed,0
1211,28092022-1211,completed,1
1212,28092022-1212,completed,0
1214,28092022-1214,completed,0
1215,29092022-1215,completed,0
1216,29092022-1216,completed,0
1218,29092022-1217,completed,0
1219,29092022-1219,completed,0
1222,29092022-1222,completed,1
1223,29092022-1223,completed,0
1224,29092022-1224,completed,0
1227,29092022-1227,completed,0
1232,30092022-1232,completed,0
1233,30092022-1233,completed,0
1234,30092022-1234,completed,0
1235,30092022-1235,completed,0
1236,30092022-1236,completed,0
1237,30092022-1237,completed,0
1238,30092022-1238,completed,1
1240,30092022-1239,completed,0
1242,30092022-1242,completed,0
1243,30092022-1243,completed,0
1244,30092022-1244,completed,0
1245,30092022-1245,completed,0
1246,30092022-1246,completed,0
1249,01102022-1249,completed,1
1250,01102022-1250,completed,0
1252,01102022-1252,completed,0
1253,01102022-1253,completed,0
1254,01102022-1254,completed,0
1255,01102022-1255,completed,0
1256,01102022-1256,completed,0
1258,01102022-1258,completed,0
1261,03102022-1261,completed,0
1264,03102022-1264,completed,0
1268,03102022-1268,completed,0
1269,03102022-1269,completed,0
1270,03102022-1270,completed,0
1271,03102022-1271,completed,0
1273,03102022-1273,completed,0
1275,04102022-1275,completed,0
1276,04102022-1276,completed,1
1277,04102022-1277,completed,0
1278,04102022-1278,completed,0
1279,04102022-1279,completed,0
1280,04102022-1280,completed,0
1282,04102022-1282,completed,0
1283,04102022-1283,completed,0
1284,04102022-1284,completed,0
1285,04102022-1285,completed,0
1286,05102022-1286,completed,0
1288,05102022-1288,completed,0
1289,05102022-1289,completed,0
1290,05102022-1290,completed,0
1291,05102022-1291,completed,1
1292,05102022-1292,completed,0
1293,05102022-1293,completed,0
1294,05102022-1294,completed,0
1295,05102022-1295,completed,0
1296,05102022-1296,completed,0
1297,05102022-1297,completed,0
1302,06102022-1302,completed,0
1303,06102022-1303,completed,0
1304,06102022-1304,completed,0
1311,06102022-1311,completed,0
1313,06102022-1313,completed,0
1314,06102022-1314,completed,0
1316,06102022-1316,completed,0
1317,07102022-1317,completed,0
1318,07102022-1318,completed,0
1321,07102022-1321,approval,0
1322,07102022-1322,completed,0
1323,07102022-1323,completed,0
1324,07102022-1324,completed,0
1325,07102022-1325,completed,0
1326,07102022-1326,completed,0
1327,07102022-1327,completed,0
1328,07102022-1328,completed,0
1329,07102022-1329,completed,0
1331,08102022-1331,completed,0
1334,08102022-1334,completed,0
1335,08102022-1335,completed,1
1336,08102022-1336,completed,0
1337,10102022-1337,completed,0
1339,10102022-1338,completed,0
1340,10102022-1340,completed,0
1341,10102022-1341,completed,0
1343,10102022-1343,completed,0
1344,10102022-1344,completed,0
1345,10102022-1345,completed,0
1347,10102022-1347,completed,0
1349,11102022-1349,completed,0
1350,11102022-1350,completed,0
1351,11102022-1351,completed,0
1352,11102022-1352,completed,0
1353,11102022-1353,completed,0
1354,11102022-1354,completed,0
1355,11102022-1355,completed,0
1356,11102022-1356,completed,1
1357,11102022-1357,completed,0
1358,11102022-1358,completed,0
1359,11102022-1359,completed,0
1360,11102022-1360,completed,0
1361,11102022-1361,review,0
1363,11102022-1363,completed,0
1370,11102022-1370,completed,0
1373,12102022-1373,completed,0
1375,12102022-1375,completed,0
1376,12102022-1376,completed,0
1377,12102022-1377,completed,0
1378,12102022-1378,completed,0
1379,12102022-1379,completed,0
1380,12102022-1380,completed,0
1381,13102022-1381,completed,0
1382,13102022-1382,completed,0
1383,13102022-1383,completed,0
1384,13102022-1384,completed,0
1385,13102022-1385,completed,0
1386,13102022-1386,completed,1
1387,13102022-1387,completed,1
1389,13102022-1389,completed,1
1390,13102022-1390,completed,0
1391,14102022-1391,completed,0
1392,14102022-1392,completed,0
1393,14102022-1393,completed,0
1394,14102022-1394,completed,0
1395,14102022-1395,completed,0
1397,14102022-1397,completed,0
1398,14102022-1398,completed,0
1400,14102022-1400,completed,0
1401,14102022-1401,completed,0
1402,14102022-1402,completed,0
1403,14102022-1403,completed,0
1404,14102022-1404,completed,1
1405,14102022-1405,completed,0
1406,14102022-1406,completed,0
1407,14102022-1407,completed,0
1408,14102022-1408,completed,0
1409,14102022-1409,completed,0
1414,14102022-1414,completed,1
1416,15102022-1416,completed,0
1417,15102022-1417,completed,0
1418,15102022-1418,completed,0
1419,15102022-1419,completed,0
1421,15102022-1421,completed,0
1422,15102022-1422,completed,0
1423,15102022-1423,completed,0
1424,15102022-1424,completed,0
1425,17102022-1425,completed,0
1427,17102022-1427,completed,0
1428,17102022-1428,completed,0
1429,17102022-1429,completed,0
1431,17102022-1431,completed,0
1432,17102022-1432,completed,0
1433,17102022-1433,completed,0
1434,17102022-1434,completed,0
1435,17102022-1435,completed,0
1436,17102022-1436,completed,0
1438,17102022-1438,completed,0
1439,17102022-1439,completed,0
1442,18102022-1442,completed,0
1444,18102022-1444,completed,0
1445,18102022-1445,completed,0
1446,18102022-1446,completed,0
1447,18102022-1447,completed,0
1450,18102022-1450,completed,0
1452,18102022-1452,completed,0
1453,18102022-1453,completed,0
1455,19102022-1455,completed,0
1456,19102022-1456,completed,0
1457,19102022-1457,completed,0
1458,19102022-1458,completed,0
1459,19102022-1459,completed,0
1460,19102022-1460,completed,0
1461,19102022-1461,completed,0
1463,19102022-1463,completed,0
1464,19102022-1464,completed,0
1465,20102022-1465,completed,0
1466,20102022-1466,completed,0
1467,20102022-1467,completed,0
1468,20102022-1468,completed,0
1469,20102022-1469,completed,1
1472,20102022-1472,completed,0
1475,20102022-1475,completed,0
1476,21102022-1476,completed,0
1477,21102022-1477,completed,1
1478,21102022-1478,completed,0
1479,21102022-1479,completed,0
1481,21102022-1481,completed,0
1482,21102022-1482,completed,0
1483,21102022-1483,completed,0
1485,21102022-1485,completed,0
1486,21102022-1486,completed,0
1488,21102022-1488,completed,1
1489,21102022-1489,completed,0
1490,21102022-1490,completed,0
1491,21102022-1491,completed,0
1492,21102022-1492,completed,0
1493,21102022-1493,completed,0
1494,22102022-1494,completed,0
1495,22102022-1495,completed,0
1496,22102022-1496,completed,0
1497,22102022-1497,completed,0
1498,22102022-1498,completed,0
1499,22102022-1499,completed,0
1500,22102022-1500,completed,0
1501,24102022-1501,completed,0
1503,24102022-1503,completed,0
1505,24102022-1505,completed,0
1507,24102022-1507,completed,0
1508,24102022-1508,completed,0
1509,24102022-1509,completed,0
1511,24102022-1511,completed,0
1512,24102022-1512,completed,0
1513,24102022-1513,completed,0
1514,25102022-1514,completed,0
1515,25102022-1515,completed,0
1517,25102022-1516,completed,0
1518,25102022-1518,completed,0
1519,25102022-1519,completed,0
1521,25102022-1521,completed,0
1522,25102022-1522,completed,0
1523,25102022-1523,completed,0
1525,25102022-1525,completed,0
1526,26102022-1526,completed,0
1527,26102022-1527,completed,0
1528,26102022-1528,completed,0
1529,26102022-1529,completed,0
1530,26102022-1530,completed,0
1531,26102022-1531,completed,0
1532,26102022-1532,completed,0
1533,26102022-1533,completed,0
1534,26102022-1534,completed,0
1535,26102022-1535,completed,0
1536,26102022-1536,completed,0
1540,26102022-1540,completed,0
1541,27102022-1541,completed,0
1542,27102022-1542,completed,0
1543,27102022-1543,completed,0
1544,27102022-1544,completed,0
1545,27102022-1545,completed,0
1546,27102022-1546,completed,0
1547,27102022-1547,completed,0
1548,27102022-1548,completed,0
1550,27102022-1550,completed,0
1552,27102022-1552,completed,1
1553,27102022-1553,completed,0
1554,27102022-1554,completed,0
1555,27102022-1555,completed,0
1557,28102022-1557,completed,0
1560,28102022-1560,completed,0
1561,28102022-1561,completed,0
1562,28102022-1562,completed,0
1563,28102022-1563,completed,0
1564,28102022-1564,completed,0
1565,28102022-1565,completed,0
1566,28102022-1566,completed,0
1571,29102022-1571,completed,0
1572,29102022-1572,completed,0
1573,29102022-1573,completed,0
1574,29102022-1574,completed,0
1575,29102022-1575,completed,0
1577,29102022-1577,completed,0
1578,29102022-1578,completed,0
1580,29102022-1580,completed,0
1581,29102022-1581,completed,0
1583,29102022-1582,completed,0
1585,29102022-1585,completed,0
1588,29102022-1588,completed,0
1590,29102022-1590,completed,0
1592,31102022-1592,completed,0
1598,31102022-1598,completed,0
1600,31102022-1600,completed,0
1601,31102022-1601,completed,0
1607,31102022-1607,completed,0
1608,31102022-1608,completed,0
1610,31102022-1610,completed,0
1611,31102022-1611,completed,0
1612,31102022-1612,completed,0
1613,31102022-1613,completed,0
1616,31102022-1616,completed,0
1617,01112022-1617,completed,0
1618,01112022-1618,completed,0
1620,01112022-1620,approval,0
1621,01112022-1621,completed,0
1622,01112022-1622,completed,0
1624,01112022-1624,completed,0
1625,01112022-1625,completed,0
1628,01112022-1627,completed,0
1629,01112022-1629,completed,0
1630,01112022-1630,completed,0
1631,01112022-1631,completed,0
1632,01112022-1632,completed,0
1633,02112022-1633,completed,0
1634,02112022-1634,completed,0
1635,02112022-1635,completed,0
1637,03112022-1637,completed,0
1638,03112022-1638,completed,1
1641,03112022-1641,completed,0
1642,03112022-1642,completed,0
1643,03112022-1643,completed,0
1644,03112022-1644,completed,0
1645,03112022-1645,completed,0
1646,03112022-1646,completed,0
1647,03112022-1647,completed,0
1649,03112022-1648,completed,0
1651,03112022-1651,completed,0
1653,03112022-1653,completed,0
1654,03112022-1654,completed,0
1655,03112022-1655,completed,0
1659,03112022-1659,completed,0
1661,03112022-1661,completed,0
1662,03112022-1662,completed,0
1664,04112022-1664,completed,0
1666,04112022-1666,completed,0
1667,04112022-1667,completed,0
1668,04112022-1668,completed,0
1669,04112022-1669,completed,0
1673,04112022-1673,completed,0
1674,04112022-1674,completed,0
1675,04112022-1675,completed,0
1678,05112022-1676,completed,0
1679,05112022-1679,completed,1
1680,05112022-1680,completed,0
1681,05112022-1681,completed,0
1683,05112022-1683,completed,0
1684,05112022-1684,completed,0
1685,07112022-1685,completed,0
1688,07112022-1688,completed,1
1689,07112022-1689,completed,0
1690,07112022-1690,completed,0
1691,07112022-1691,completed,0
1693,07112022-1692,completed,0
1695,08112022-1695,completed,0
1696,08112022-1696,completed,0
1699,08112022-1699,completed,0
1701,08112022-1701,completed,0
1702,09112022-1702,completed,0
1703,09112022-1703,completed,0
1704,09112022-1704,completed,1
1706,09112022-1706,completed,0
1707,09112022-1707,completed,0
1708,09112022-1708,completed,0
1710,09112022-1710,completed,0
1711,09112022-1711,completed,0
1713,09112022-1713,completed,0
1715,09112022-1715,completed,0
1716,09112022-1716,completed,0
1719,09112022-1719,completed,0
1720,09112022-1720,completed,0
1721,10112022-1721,completed,0
1722,10112022-1722,completed,0
1724,10112022-1724,completed,0
1725,10112022-1725,completed,0
1727,10112022-1727,completed,0
1728,11112022-1728,completed,0
1730,11112022-1730,completed,0
1731,11112022-1731,completed,0
1733,11112022-1733,completed,0
1734,11112022-1734,completed,0
1735,11112022-1735,completed,0
1736,11112022-1736,completed,0
1738,11112022-1738,completed,0
1739,11112022-1739,completed,0
1741,12112022-1741,completed,0
1743,12112022-1743,completed,1
1747,12112022-1747,completed,0
1748,12112022-1748,completed,0
1750,12112022-1750,completed,0
1751,12112022-1751,completed,0
1752,12112022-1752,completed,0
1758,12112022-1758,approval,0
1760,12112022-1760,completed,0
1761,14112022-1761,completed,0
1763,14112022-1763,completed,0
1764,14112022-1764,completed,0
1765,14112022-1765,completed,0
1766,14112022-1766,completed,0
1767,14112022-1767,completed,0
1768,14112022-1768,completed,0
1769,14112022-1769,completed,0
1772,14112022-1772,completed,0
1776,15112022-1776,completed,0
1781,15112022-1781,completed,0
1782,15112022-1782,completed,0
1790,15112022-1790,approval,0
1791,15112022-1791,completed,0
1792,15112022-1792,completed,0
1794,15112022-1794,completed,0
1795,15112022-1795,completed,0
1798,16112022-1798,completed,0
1799,16112022-1799,completed,0
1801,16112022-1801,completed,0
1803,16112022-1803,completed,0
1804,16112022-1804,completed,0
1806,16112022-1806,completed,0
1812,16112022-1812,completed,0
1815,16112022-1815,completed,0
1816,17112022-1816,completed,0
1818,17112022-1818,completed,0
1819,17112022-1819,completed,0
1821,18112022-1821,completed,0
1822,18112022-1822,completed,0
1826,18112022-1826,completed,0
1830,18112022-1830,completed,0
1832,18112022-1832,approval,0
1833,18112022-1833,completed,0
1834,18112022-1834,completed,0
1835,18112022-1835,completed,0
1837,18112022-1837,completed,0
1840,19112022-1840,completed,0
1841,19112022-1841,completed,0
1842,19112022-1842,completed,0
1845,19112022-1845,completed,0
1846,19112022-1846,completed,0
1847,19112022-1847,completed,0
1850,19112022-1850,completed,0
1851,19112022-1851,completed,0
1852,21112022-1852,completed,0
1853,21112022-1853,completed,0
1854,21112022-1854,completed,0
1855,21112022-1855,completed,0
1856,21112022-1856,completed,0
1857,21112022-1857,completed,0
1858,21112022-1858,completed,0
1859,21112022-1859,completed,0
1862,22112022-1862,completed,0
1863,22112022-1863,completed,0
1864,22112022-1864,completed,0
1865,22112022-1865,completed,0
1866,22112022-1866,completed,0
1867,22112022-1867,completed,0
1868,22112022-1868,completed,0
1869,22112022-1869,completed,0
1870,22112022-1870,completed,0
1872,22112022-1872,completed,0
1873,22112022-1873,completed,0
1875,23112022-1875,completed,0
1876,23112022-1876,completed,0
1878,23112022-1878,completed,0
1879,23112022-1879,completed,0
1880,23112022-1880,completed,0
1881,23112022-1881,completed,0
1882,23112022-1882,completed,1
1883,23112022-1883,completed,0
1886,24112022-1886,completed,1
1887,24112022-1887,completed,0
1888,24112022-1888,completed,0
1893,24112022-1893,approval,0
1894,25112022-1894,completed,0
1895,25112022-1895,completed,0
1897,25112022-1897,completed,0
1899,25112022-1899,completed,0
1901,25112022-1901,completed,0
1903,25112022-1903,completed,0
1904,25112022-1904,completed,0
1905,25112022-1905,completed,0
1906,25112022-1906,completed,0
1907,25112022-1907,completed,1
1908,25112022-1908,completed,0
1909,25112022-1909,completed,0
1911,26112022-1911,completed,0
1912,26112022-1912,completed,0
1913,26112022-1913,completed,0
1914,26112022-1914,completed,0
1915,26112022-1915,completed,0
1916,26112022-1916,completed,0
1918,26112022-1918,completed,0
1919,26112022-1919,completed,0
1920,28112022-1920,completed,0
1922,28112022-1922,completed,0
1923,28112022-1923,completed,0
1924,28112022-1924,completed,0
1925,28112022-1925,completed,0
1926,28112022-1926,completed,0
1927,28112022-1927,completed,0
1928,28112022-1928,completed,0
1933,29112022-1933,completed,0
1934,29112022-1934,completed,0
1935,29112022-1935,completed,0
1936,29112022-1936,completed,0
1937,30112022-1937,completed,0
1938,30112022-1938,completed,0
1939,30112022-1939,completed,0
1941,30112022-1941,completed,0
1942,30112022-1942,completed,0
1943,30112022-1943,completed,0
1945,30112022-1945,completed,0
1947,30112022-1947,completed,0
1948,30112022-1948,completed,0
1951,30112022-1951,completed,0
1952,30112022-1952,completed,0
1954,30112022-1954,completed,0
1955,01122022-1955,completed,0
1957,01122022-1957,completed,0
1958,01122022-1958,completed,0
1959,01122022-1959,completed,0
1961,01122022-1960,completed,0
1962,01122022-1962,completed,0
1963,01122022-1963,completed,0
1964,01122022-1964,completed,0
1965,01122022-1965,completed,0
1967,02122022-1966,completed,0
1969,02122022-1968,completed,0
1970,02122022-1970,completed,0
1971,02122022-1971,completed,0
1972,02122022-1972,completed,0
1973,02122022-1973,completed,0
1976,03122022-1976,completed,0
1977,03122022-1977,completed,0
1978,03122022-1978,completed,0
1979,03122022-1979,completed,0
1980,03122022-1980,approval,0
1981,03122022-1981,completed,0
1982,03122022-1982,completed,1
1984,03122022-1984,completed,0
1985,05122022-1985,completed,0
1986,05122022-1986,completed,0
1987,05122022-1987,approval,0
1988,05122022-1988,completed,0
1989,05122022-1989,completed,0
1993,05122022-1993,completed,0
1994,05122022-1994,completed,0
1995,05122022-1995,completed,0
1996,05122022-1996,completed,0
1997,05122022-1997,completed,0
1998,05122022-1998,completed,0
2000,05122022-1999,completed,0
2001,05122022-2001,completed,0
2002,05122022-2002,completed,0
2004,05122022-2004,completed,0
2005,05122022-2005,completed,0
2006,05122022-2006,review,0
2007,05122022-2007,review,0
2008,05122022-2008,completed,0
2009,06122022-2009,completed,0
2011,06122022-2011,approval,0
2012,06122022-2012,completed,0
2015,06122022-2015,approval,0
2016,06122022-2016,approval,0
2017,06122022-2017,completed,0
2018,06122022-2018,approval,0
