product_id,material_offset_id,order_id,total_quota,req_mat_offset_status
8162,1,1,37.000000,approval
5284,2,93,255.000000,approval
8347,3,30,569.178000,approval
8347,3,31,50.058000,approval
8410,3,34,154.500000,approval
8347,3,109,309.600000,approval
8428,3,54,64.300000,approval
8428,3,53,62.400000,approval
8428,3,46,186.018000,approval
8458,4,52,64.300000,approval
8428,4,52,63.000000,approval
8458,4,51,63.600000,approval
8347,5,32,65.000000,approval
8422,5,73,159.000000,approval
8350,5,76,158.000000,approval
8349,5,74,63.000000,approval
8347,5,86,15.000000,approval
7584,5,85,101.000000,approval
8522,5,33,65.000000,approval
8458,5,50,253.000000,approval
8347,6,28,62.000000,approval
8347,7,24,124.000000,approval
8347,8,22,124.000000,approval
8347,9,23,124.000000,approval
8347,10,25,62.000000,approval
8347,11,26,62.000000,approval
8347,12,14,252.000000,approval
8356,13,15,126.000000,approval
8416,14,17,63.000000,approval
8418,15,18,63.000000,approval
8422,16,20,63.000000,approval
8350,17,21,252.000000,approval
8414,18,16,63.000000,approval
8422,19,102,62.400000,approval
8596,19,101,62.400000,approval
8559,19,93,160.000000,approval
6199,20,29,151.000000,approval
8431,21,7,32.000000,approval
8431,21,6,63.000000,approval
8431,21,5,32.000000,approval
8428,21,4,32.000000,approval
8428,21,3,63.000000,approval
8428,21,2,32.000000,approval
6605,22,1,45.000000,approval
6606,22,1,45.000000,approval
8611,23,316,330.600000,approval
8642,23,316,631.100000,approval
8163,24,394,2.000000,approval
8164,24,394,2.000000,approval
8165,24,394,2.000000,approval
7554,25,59,506.000000,approval
7554,25,56,2001.000000,approval
4636,26,114,103.000000,approval
102,26,184,1.000000,approval
1898,26,188,21.800000,approval
3646,27,169,0.500000,approval
8311,28,14,6.000000,approval
1243,29,394,2.000000,approval
1242,30,394,2.000000,approval
8566,31,134,100.000000,approval
3522,31,186,14.000000,approval
258,32,394,0.500000,approval
1932,32,394,0.500000,approval
127,32,394,0.500000,approval
71,32,394,1.500000,approval
249,32,394,1.000000,approval
107,32,394,1.000000,approval
102,32,394,1.000000,approval
1956,32,394,0.500000,approval
1933,32,394,1.500000,approval
1929,32,394,3.000000,approval
1950,32,394,3.000000,approval
1941,32,394,1.000000,approval
228,33,394,1.000000,approval
1956,33,394,2.500000,approval
102,33,394,4.000000,approval
1941,33,394,2.500000,approval
167,33,394,2.500000,approval
127,33,394,2.000000,approval
249,33,394,7.000000,approval
1948,33,394,2.000000,approval
1933,33,394,2.000000,approval
69,33,394,3.000000,approval
171,33,394,2.000000,approval
2167,33,394,1.000000,approval
107,33,394,1.000000,approval
71,33,394,1.000000,approval
235,33,394,1.000000,approval
1235,33,394,2.000000,approval
1248,33,394,1.000000,approval
1306,33,394,1.000000,approval
7652,34,394,4.000000,approval
8783,35,452,0.500000,approval
8543,35,451,0.500000,approval
115,36,394,3.000000,approval
235,36,394,3.000000,approval
29,36,394,3.000000,approval
2167,36,394,0.500000,approval
8578,36,394,0.500000,approval
1050,36,394,1.000000,approval
1675,36,394,0.500000,approval
1764,36,394,0.500000,approval
1744,36,394,0.500000,approval
1746,36,394,1.000000,approval
1742,36,394,0.500000,approval
1807,36,394,0.500000,approval
1801,36,394,2.000000,approval
1740,36,394,1.000000,approval
1738,36,394,0.500000,approval
1736,36,394,0.500000,approval
2404,36,394,600.000000,approval
1677,36,394,1.000000,approval
1676,36,394,0.500000,approval
235,36,394,1.000000,approval
326,36,394,0.500000,approval
231,36,394,0.500000,approval
373,36,394,0.500000,approval
1956,36,394,0.500000,approval
317,36,394,1.000000,approval
4501,36,394,30.000000,approval
4511,36,394,30.000000,approval
4514,36,394,30.000000,approval
4504,36,394,30.000000,approval
4505,36,394,30.000000,approval
4636,38,394,10.000000,approval
8828,39,102,28.000000,approval
8828,39,101,28.000000,approval
4753,40,99,52.000000,approval
4754,40,99,52.000000,approval
1062,41,394,0.250000,approval
1065,42,394,0.250000,approval
8286,43,84,618.000000,approval
235,44,394,2.000000,approval
171,44,394,2.000000,approval
282,44,394,0.500000,approval
82,44,394,20.000000,approval
1778,44,394,4.000000,approval
8617,44,394,4.000000,approval
2637,44,394,30.000000,approval
4542,44,394,30.000000,approval
4543,44,394,30.000000,approval
4517,44,394,30.000000,approval
1676,44,394,2.000000,approval
1677,44,394,4.000000,approval
1764,44,394,2.000000,approval
1766,44,394,3.000000,approval
7806,44,394,2.000000,approval
7832,44,394,10.000000,approval
7825,44,394,10.000000,approval
3670,44,394,1.000000,approval
3563,44,394,1.000000,approval
5582,44,394,10.000000,approval
5500,44,394,10.000000,approval
5461,44,394,50.000000,approval
5932,44,394,30.000000,approval
5907,44,394,30.000000,approval
7830,44,394,10.000000,approval
5433,44,394,10.000000,approval
7811,44,394,2.000000,approval
3655,44,394,1.000000,approval
3507,44,394,1.000000,approval
1306,44,394,2.000000,approval
1941,44,394,0.500000,approval
1235,44,394,1.000000,approval
1950,44,394,1.000000,approval
7564,44,394,200.000000,approval
7565,44,394,100.000000,approval
3518,44,394,2.000000,approval
6972,45,233,92.000000,approval
1923,46,213,2.000000,approval
3302,47,173,2.000000,approval
82,48,394,2.000000,approval
438,49,394,4.000000,approval
7812,49,394,2.000000,approval
3563,49,394,2.000000,approval
3670,49,394,2.000000,approval
5582,49,394,20.000000,approval
2481,49,394,20.000000,approval
5554,49,394,20.000000,approval
1648,49,394,4.000000,approval
1537,49,394,2.000000,approval
3759,49,394,5.000000,approval
7804,49,394,4.000000,approval
1654,49,394,2.000000,approval
7827,49,394,50.000000,approval
1653,49,394,2.000000,approval
609,49,394,2.000000,approval
2518,49,394,20.000000,approval
1445,49,394,3.000000,approval
6581,49,394,10.000000,approval
3603,49,394,1.000000,approval
7808,49,394,50.000000,approval
434,49,394,2.000000,approval
436,49,394,2.000000,approval
435,49,394,2.000000,approval
8565,50,394,10.000000,approval
7594,50,394,100.000000,approval
7593,50,394,100.000000,approval
7587,50,394,100.000000,approval
7585,50,394,100.000000,approval
6966,50,394,100.000000,approval
4659,50,394,8.000000,approval
1235,50,394,1.000000,approval
1744,50,394,2.000000,approval
1746,50,394,4.000000,approval
1807,50,394,5.000000,approval
1809,50,394,1.500000,approval
2637,50,394,20.000000,approval
3518,50,394,2.000000,approval
1742,50,394,2.000000,approval
310,50,394,2.000000,approval
308,50,394,1.000000,approval
922,50,394,2.000000,approval
8615,50,394,0.500000,approval
3490,51,34,1.000000,approval
8578,52,394,0.500000,approval
8580,55,261,58.000000,approval
8582,55,261,11.000000,approval
8824,56,162,418.600000,approval
4522,56,162,886.000000,approval
1031,57,309,26.500000,approval
1033,57,309,27.200000,approval
1033,57,309,30.900000,approval
1033,57,309,22.700000,approval
1033,57,309,21.700000,approval
2448,58,356,106.000000,approval
2562,58,356,106.000000,approval
4547,59,160,392.000000,approval
1675,60,394,4.000000,approval
149,60,394,0.500000,approval
102,60,394,2.000000,approval
308,60,394,3.000000,approval
317,60,394,1.000000,approval
416,60,394,2.000000,approval
115,60,394,2.000000,approval
231,60,394,3.000000,approval
1050,60,394,2.000000,approval
822,60,394,3.000000,approval
807,60,394,3.000000,approval
839,60,394,3.000000,approval
2146,60,394,5.000000,approval
2124,60,394,5.000000,approval
2112,60,394,5.000000,approval
8829,61,394,0.500000,approval
8788,62,460,17.000000,approval
4547,63,531,149.000000,approval
4547,64,531,149.000000,approval
4416,65,236,6.000000,approval
3577,66,504,1.000000,approval
6587,66,504,4.000000,approval
2029,67,355,6.000000,approval
1050,68,34,3.000000,approval
2512,69,97,85.000000,approval
5420,69,97,820.000000,approval
5429,69,97,2071.000000,approval
8733,70,105,65.000000,approval
2337,71,208,67.000000,approval
1490,72,441,10.600000,approval
1490,72,440,10.600000,approval
1490,72,439,10.600000,approval
1490,72,438,10.600000,approval
8647,73,207,179.950000,approval
8497,74,206,356.950000,approval
127,75,394,1.000000,approval
60,75,394,0.500000,approval
1948,75,394,0.500000,approval
107,75,394,2.000000,approval
317,75,394,1.500000,approval
7883,75,394,0.500000,approval
1957,75,394,0.500000,approval
249,75,394,1.000000,approval
131,75,394,0.500000,approval
1941,75,394,0.500000,approval
3514,75,394,2.000000,approval
5948,75,394,6.000000,approval
3318,75,394,6.000000,approval
8434,76,394,2.000000,approval
8434,76,394,2.000000,approval
8434,76,394,2.000000,approval
8434,76,394,2.000000,approval
1061,76,394,4.000000,approval
7512,76,394,0.500000,approval
135,76,394,0.500000,approval
1810,77,394,2.000000,approval
102,78,184,4.000000,approval
7549,78,184,70.000000,approval
2410,79,536,51.000000,approval
4382,79,536,51.000000,approval
5948,79,536,1.000000,approval
8916,79,536,51.000000,approval
6731,79,536,2.000000,approval
8225,79,536,51.000000,approval
3318,79,536,1.000000,approval
6587,79,536,2.000000,approval
4482,80,312,10.000000,approval
8170,80,313,10.000000,approval
8077,80,318,20.000000,approval
4457,80,304,5.000000,approval
4457,80,302,5.000000,approval
4457,80,303,5.000000,approval
7565,81,184,70.000000,approval
2480,81,407,279.000000,approval
2569,81,407,279.000000,approval
7886,82,261,50.000000,approval
5420,83,97,594.000000,approval
262,84,266,1.400000,approval
262,84,265,3.000000,approval
262,84,264,8.000000,approval
262,84,263,4.500000,approval
1957,85,304,20.000000,approval
4542,86,394,30.000000,approval
5433,86,394,30.000000,approval
4553,87,394,30.000000,approval
7046,88,456,148.000000,approval
43,89,259,3.300000,approval
8658,89,259,5.500000,approval
8311,89,259,2.000000,approval
8347,89,259,16.500000,approval
8508,89,259,42.000000,approval
4412,89,259,28.000000,approval
4413,89,259,26.000000,approval
4414,89,259,26.000000,approval
3543,89,259,1.000000,approval
3369,89,259,1.000000,approval
5948,89,259,1.000000,approval
6734,89,259,1.000000,approval
7886,89,259,30.000000,approval
43,89,258,3.300000,approval
8658,89,258,5.500000,approval
8311,89,258,2.000000,approval
8347,89,258,16.500000,approval
8508,89,258,42.000000,approval
4412,89,258,28.000000,approval
4413,89,258,26.000000,approval
4416,89,258,26.000000,approval
6734,89,258,1.000000,approval
7886,89,258,30.000000,approval
43,90,256,12.500000,approval
8658,90,256,21.500000,approval
8311,90,256,7.500000,approval
8347,90,256,64.000000,approval
8508,90,256,163.000000,approval
4412,90,256,109.000000,approval
4413,90,256,101.000000,approval
4414,90,256,101.000000,approval
3369,90,256,1.000000,approval
3543,90,256,0.600000,approval
5948,90,256,1.000000,approval
6734,90,256,4.000000,approval
7886,90,256,105.000000,approval
43,90,253,12.500000,approval
8658,90,253,21.500000,approval
8311,90,253,7.500000,approval
8347,90,253,64.000000,approval
8508,90,253,163.000000,approval
4412,90,253,109.000000,approval
4413,90,253,101.000000,approval
4416,90,253,31.000000,approval
3369,90,253,1.000000,approval
3543,90,253,0.600000,approval
5948,90,253,1.000000,approval
6734,90,253,4.000000,approval
7886,90,253,105.000000,approval
317,91,394,2.000000,approval
416,91,394,2.000000,approval
1235,91,394,2.000000,approval
1242,91,394,2.000000,approval
1280,91,394,2.000000,approval
1285,91,394,2.000000,approval
1306,91,394,2.000000,approval
1312,91,394,1.000000,approval
763,91,394,1.000000,approval
1005,91,394,2.000000,approval
1030,91,394,2.000000,approval
4548,92,164,695.000000,approval
8497,93,199,183.000000,approval
8497,94,198,183.000000,approval
8497,95,197,183.000000,approval
8497,96,196,183.000000,approval
8863,97,195,183.000000,approval
8497,98,194,183.000000,approval
8497,99,191,183.000000,approval
8733,100,212,71.000000,approval
8733,100,211,71.000000,approval
8733,100,169,24.000000,approval
8733,100,57,21.000000,approval
8733,100,121,317.000000,approval
8733,100,56,1237.000000,approval
8733,100,55,32.000000,approval
5088,101,146,110.000000,approval
2448,102,50,20.000000,approval
1956,103,459,7.000000,approval
8890,104,276,401.000000,approval
8891,104,283,401.000000,approval
8892,104,214,301.000000,approval
8893,104,218,201.000000,approval
8895,104,277,201.000000,approval
8896,104,284,251.000000,approval
8897,104,145,701.000000,approval
8898,104,278,351.000000,approval
8899,104,285,351.000000,approval
8900,104,215,2301.000000,approval
8901,104,219,1751.000000,approval
8902,104,280,201.000000,approval
8903,104,287,151.000000,approval
8905,104,220,176.000000,approval
8688,104,276,14000.000000,approval
6740,105,500,5.000000,approval
6740,105,499,10.000000,approval
8733,106,35,315.000000,approval
8902,107,216,201.000000,approval
1997,108,333,12.700000,approval
8985,108,333,6.000000,approval
1999,108,333,2.500000,approval
1974,109,394,0.500000,approval
966,109,394,1.000000,approval
1696,109,394,8.000000,approval
1805,109,394,5.000000,approval
2638,109,394,30.000000,approval
4063,109,394,20.000000,approval
1285,109,394,2.000000,approval
3531,109,394,2.000000,approval
273,109,394,1.000000,approval
1274,109,394,5.000000,approval
1302,109,394,5.000000,approval
1232,109,394,5.000000,approval
1260,109,394,5.000000,approval
1282,109,394,5.000000,approval
7806,109,394,2.000000,approval
7811,109,394,2.000000,approval
7825,109,394,10.000000,approval
5500,109,394,50.000000,approval
5461,109,394,50.000000,approval
5433,109,394,10.000000,approval
7830,109,394,10.000000,approval
3752,109,394,5.000000,approval
3712,109,394,5.000000,approval
3751,109,394,5.000000,approval
3817,109,394,5.000000,approval
8808,109,394,20.000000,approval
5516,109,394,30.000000,approval
7822,109,394,2.000000,approval
5513,109,394,30.000000,approval
7958,109,394,0.500000,approval
3731,109,394,5.000000,approval
3757,109,394,5.000000,approval
3717,109,394,5.000000,approval
3924,109,394,5.000000,approval
7643,109,394,20.000000,approval
5589,109,394,20.000000,approval
5421,109,394,20.000000,approval
2501,109,394,20.000000,approval
3384,109,394,1.000000,approval
3863,109,394,5.000000,approval
3801,109,394,5.000000,approval
8053,109,394,1.000000,approval
1445,109,394,1.000000,approval
7608,109,394,20.000000,approval
5530,109,394,20.000000,approval
7618,109,394,20.000000,approval
5555,109,394,20.000000,approval
3965,109,394,50.000000,approval
2570,110,175,202.000000,approval
4546,111,394,20.000000,approval
7978,111,394,20.000000,approval
8958,112,406,5.000000,approval
419,113,394,0.500000,approval
1061,113,394,4.000000,approval
6691,113,394,2.000000,approval
7498,113,394,4.000000,approval
4515,113,394,30.000000,approval
4543,113,394,30.000000,approval
4517,113,394,20.000000,approval
1764,113,394,3.000000,approval
1941,113,394,0.500000,approval
102,113,394,0.500000,approval
235,113,394,4.000000,approval
1953,113,394,0.500000,approval
1285,114,394,4.000000,approval
9091,115,273,2.000000,approval
9027,116,398,164.000000,approval
8999,116,398,9.000000,approval
6858,117,199,487.000000,approval
6858,118,198,487.000000,approval
6873,119,196,487.000000,approval
6861,120,195,487.000000,approval
6873,121,194,487.000000,approval
8862,122,192,196.000000,approval
6885,122,192,487.000000,approval
6858,123,191,487.000000,approval
3557,124,459,1.000000,approval
7517,125,43,7.000000,approval
8348,126,528,66.700000,approval
6580,127,187,251.000000,approval
1062,128,310,26.500000,approval
9124,128,310,27.200000,approval
9124,128,310,30.900000,approval
9124,128,310,22.700000,approval
9124,128,310,21.700000,approval
8814,129,472,5.000000,approval
8814,129,473,5.000000,approval
8815,129,472,5.000000,approval
8815,129,473,5.000000,approval
6185,130,60,142.000000,approval
8601,131,525,346.500000,approval
7579,132,479,100.000000,approval
6600,133,505,49.500000,approval
6599,133,505,49.500000,approval
1054,134,505,14.600000,approval
7517,135,69,4.000000,approval
7511,135,69,4.000000,approval
1065,135,64,7.000000,approval
10,136,199,5.000000,approval
10,137,198,5.000000,approval
16,138,196,5.000000,approval
20,139,195,5.000000,approval
9,140,194,5.000000,approval
9,141,192,5.000000,approval
12,142,191,5.000000,approval
1066,143,491,1.380000,approval
6185,144,35,80.000000,approval
1066,145,465,6.990000,approval
7579,146,146,101.000000,approval
2260,147,441,10.600000,approval
3645,147,441,0.500000,approval
2260,147,440,10.600000,approval
3645,147,440,0.500000,approval
2260,147,439,10.600000,approval
3645,147,439,0.500000,approval
2260,147,438,10.600000,approval
3645,147,438,0.500000,approval
8621,147,441,1.000000,approval
3620,148,279,0.500000,approval
3620,148,286,0.500000,approval
3405,148,216,1.000000,approval
3405,148,228,2.000000,approval
3405,148,220,1.000000,approval
3405,148,220,1.000000,approval
3405,148,224,1.000000,approval
9097,149,633,19.060000,approval
9097,149,633,19.060000,approval
9099,149,633,210.050000,approval
9282,150,442,53.500000,approval
9282,150,442,74.900000,approval
9282,150,442,87.400000,approval
9282,150,442,45.800000,approval
9282,150,442,43.700000,approval
9282,150,442,16.600000,approval
9298,150,442,1333.200000,approval
3634,151,525,2.000000,approval
7566,152,586,201.000000,approval
6580,153,144,101.000000,approval
2346,154,718,1.800000,approval
3448,155,497,2.000000,approval
6580,156,208,805.000000,approval
2401,156,208,805.000000,approval
2515,156,208,805.000000,approval
3709,156,208,805.000000,approval
5570,156,208,805.000000,approval
5548,156,208,805.000000,approval
5553,156,208,805.000000,approval
5390,156,208,805.000000,approval
5458,156,208,805.000000,approval
7814,156,208,805.000000,approval
1066,157,465,6.990000,approval
9147,158,626,34.100000,approval
9147,159,605,34.100000,approval
1656,160,268,0.970000,approval
7812,160,268,0.668000,approval
8647,160,268,3.000000,approval
3717,160,268,1.500000,approval
4067,160,268,1.300000,approval
3924,160,268,0.350000,approval
2501,160,268,5.000000,approval
2507,160,268,5.000000,approval
7827,160,268,10.000000,approval
7643,160,268,5.000000,approval
9091,160,268,0.100000,approval
3655,160,268,0.041000,approval
3657,160,268,0.050000,approval
5589,160,268,5.000000,approval
5532,160,268,5.000000,approval
5421,160,268,5.000000,approval
7814,160,268,5.000000,approval
5434,160,268,5.000000,approval
5933,160,268,5.000000,approval
5907,160,268,5.000000,approval
5897,160,268,5.000000,approval
5909,160,268,5.000000,approval
7809,160,268,5.000000,approval
6594,160,268,5.000000,approval
6587,160,268,0.400000,approval
8050,160,268,0.200000,approval
6828,160,268,0.200000,approval
6796,160,268,0.033500,approval
1651,161,352,2.055000,approval
6921,161,352,11.700000,approval
1537,161,352,0.540000,approval
7416,161,352,3.150000,approval
1838,161,352,0.115000,approval
793,161,352,0.500000,approval
6857,161,352,0.020000,approval
7887,161,352,1.100000,approval
3965,161,352,15.000000,approval
6586,161,352,6.250000,approval
3802,161,352,1.250000,approval
4067,161,352,3.800000,approval
3731,161,352,3.700000,approval
2544,161,352,5.000000,approval
2526,161,352,5.000000,approval
2515,161,352,5.000000,approval
2539,161,352,5.000000,approval
3709,161,352,5.000000,approval
3753,161,352,1.800000,approval
5932,161,352,5.000000,approval
5907,161,352,5.000000,approval
5867,161,352,5.000000,approval
7544,161,352,5.000000,approval
7809,161,352,5.000000,approval
6594,161,352,5.000000,approval
6590,161,352,5.000000,approval
7820,161,352,5.000000,approval
6738,161,352,0.200000,approval
7838,161,352,0.100000,approval
7837,161,352,0.200000,approval
6799,161,352,0.100000,approval
9366,162,208,805.000000,approval
9366,163,205,1005.000000,approval
7804,164,351,2.055000,approval
7700,164,351,11.750000,approval
1537,164,351,0.540000,approval
7416,164,351,3.150000,approval
1838,164,351,0.115000,approval
793,164,351,0.500000,approval
6857,164,351,0.020000,approval
7887,164,351,1.100000,approval
3965,164,351,15.000000,approval
6586,164,351,6.250000,approval
3802,164,351,1.250000,approval
4067,164,351,3.800000,approval
3728,164,351,3.700000,approval
2525,164,351,5.000000,approval
2489,164,351,5.000000,approval
2515,164,351,5.000000,approval
2539,164,351,5.000000,approval
3709,164,351,5.000000,approval
3753,164,351,1.800000,approval
3751,164,351,1.000000,approval
5391,164,351,5.000000,approval
5555,164,351,5.000000,approval
5529,164,351,5.000000,approval
7814,164,351,5.000000,approval
5461,164,351,5.000000,approval
2353,164,351,0.035000,approval
7817,164,351,0.050000,approval
5948,164,351,0.041500,approval
7817,164,351,0.030000,approval
5932,164,351,5.000000,approval
5907,164,351,5.000000,approval
5867,164,351,5.000000,approval
7544,164,351,5.000000,approval
7809,164,351,5.000000,approval
6594,164,351,5.000000,approval
6590,164,351,5.000000,approval
7820,164,351,5.000000,approval
6738,164,351,0.200000,approval
7838,164,351,0.100000,approval
7837,164,351,0.200000,approval
6799,164,351,0.100000,approval
1648,165,350,0.500000,approval
1649,165,350,0.220000,approval
1537,165,350,0.635000,approval
7960,165,350,2.250000,approval
1649,165,350,0.040000,approval
3817,165,350,0.250000,approval
2490,165,350,5.000000,approval
3839,165,350,0.900000,approval
8290,165,350,5.000000,approval
3709,165,350,5.000000,approval
2515,165,350,5.000000,approval
7816,165,350,0.075000,approval
3656,165,350,0.015000,approval
3965,165,350,7.250000,approval
3968,165,350,5.000000,approval
3983,165,350,0.035000,approval
5516,165,350,5.000000,approval
5582,165,350,5.000000,approval
5594,165,350,5.000000,approval
5461,165,350,5.000000,approval
7814,165,350,5.000000,approval
5932,165,350,5.000000,approval
5907,165,350,5.000000,approval
5867,165,350,5.000000,approval
7544,165,350,5.000000,approval
7809,165,350,5.000000,approval
6594,165,350,5.000000,approval
6587,165,350,5.000000,approval
6590,165,350,10.000000,approval
7820,165,350,5.000000,approval
6738,165,350,0.198500,approval
6199,165,350,5.000000,approval
6828,165,350,0.225000,approval
6796,165,350,0.033500,approval
7804,166,349,0.500000,approval
7946,166,349,0.220000,approval
1537,166,349,0.635000,approval
7960,166,349,2.250000,approval
7946,166,349,0.040000,approval
3817,166,349,0.250000,approval
2490,166,349,5.000000,approval
3839,166,349,0.900000,approval
8290,166,349,5.000000,approval
3709,166,349,5.000000,approval
2515,166,349,5.000000,approval
7817,166,349,0.075000,approval
5948,166,349,0.015000,approval
3965,166,349,7.250000,approval
3968,166,349,5.000000,approval
3983,166,349,0.035000,approval
5516,166,349,5.000000,approval
5582,166,349,5.000000,approval
5594,166,349,5.000000,approval
5461,166,349,5.000000,approval
7814,166,349,5.000000,approval
5932,166,349,5.000000,approval
5907,166,349,5.000000,approval
5867,166,349,5.000000,approval
7544,166,349,5.000000,approval
7809,166,349,5.000000,approval
6594,166,349,5.000000,approval
6587,166,349,5.000000,approval
6590,166,349,5.000000,approval
8050,166,349,0.198500,approval
6199,166,349,5.000000,approval
6828,166,349,0.225000,approval
6796,166,349,0.033500,approval
7820,166,349,5.000000,approval
1030,167,90,5.500000,approval
1023,167,92,4.500000,approval
9108,169,272,0.770000,approval
611,169,272,0.075000,approval
7812,169,272,0.635000,approval
7730,169,272,1.500000,approval
2518,169,272,5.000000,approval
3863,169,272,0.300000,approval
3820,169,272,1.050000,approval
3817,169,272,0.500000,approval
6197,169,272,0.090000,approval
3841,169,272,15.000000,approval
3844,169,272,5.000000,approval
5516,169,272,5.000000,approval
4067,169,272,1.050000,approval
9090,169,272,0.075000,approval
3659,169,272,0.005000,approval
7814,169,272,5.000000,approval
5421,169,272,5.000000,approval
5514,169,272,5.000000,approval
5589,169,272,5.000000,approval
5933,169,272,5.000000,approval
5907,169,272,5.000000,approval
7809,169,272,5.000000,approval
5909,169,272,5.000000,approval
5897,169,272,5.000000,approval
6590,169,272,5.000000,approval
6594,169,272,5.000000,approval
8050,169,272,0.300000,approval
6587,169,272,0.400000,approval
8051,169,272,0.050000,approval
9351,170,162,886.000000,approval
9352,171,164,695.000000,approval
9353,171,534,921.000000,approval
1656,172,273,0.770000,approval
7730,172,273,1.500000,approval
611,172,273,0.075000,approval
7812,172,273,0.635000,approval
2518,172,273,5.000000,approval
3863,172,273,0.300000,approval
3820,172,273,1.050000,approval
3817,172,273,0.500000,approval
6197,172,273,0.090000,approval
3841,172,273,15.000000,approval
3844,172,273,5.000000,approval
5516,172,273,5.000000,approval
4067,172,273,1.050000,approval
7814,172,273,5.000000,approval
5421,172,273,5.000000,approval
5514,172,273,5.000000,approval
5589,172,273,5.000000,approval
9091,172,273,0.075000,approval
3659,172,273,0.005000,approval
5933,172,273,5.000000,approval
5907,172,273,5.000000,approval
7809,172,273,5.000000,approval
5909,172,273,5.000000,approval
5897,172,273,5.000000,approval
6590,172,273,5.000000,approval
6594,172,273,5.000000,approval
8050,172,273,0.300000,approval
6587,172,273,0.400000,approval
8051,172,273,0.050000,approval
9108,173,267,0.976500,approval
7812,173,267,0.668000,approval
8647,173,267,2.975000,approval
3717,173,267,1.500000,approval
4067,173,267,1.300000,approval
3924,173,267,0.350000,approval
2501,173,267,5.000000,approval
2507,173,267,5.000000,approval
7827,173,267,10.000000,approval
7643,173,267,5.000000,approval
9090,173,267,0.050000,approval
3655,173,267,0.041000,approval
3657,173,267,0.050000,approval
5589,173,267,5.000000,approval
5532,173,267,5.000000,approval
5421,173,267,5.000000,approval
7814,173,267,5.000000,approval
5434,173,267,5.000000,approval
5933,173,267,5.000000,approval
5907,173,267,5.000000,approval
5897,173,267,5.000000,approval
5909,173,267,5.000000,approval
7809,173,267,5.000000,approval
6590,173,267,5.000000,approval
6594,173,267,5.000000,approval
6587,173,267,0.400000,approval
8050,173,267,0.200000,approval
6828,173,267,0.200000,approval
6796,173,267,0.033500,approval
401,174,139,1.000000,approval
3675,175,483,1.000000,approval
9201,176,623,8.500000,approval
4412,176,623,32.000000,approval
9201,177,624,19.500000,approval
4412,177,624,72.000000,approval
9038,178,625,53.300000,approval
4412,178,625,52.000000,approval
2144,179,115,5.500000,approval
7517,180,286,1.200000,approval
7517,180,279,1.200000,approval
7517,180,216,4.600000,approval
7517,180,228,15.500000,approval
7517,180,220,3.900000,approval
7517,180,224,4.500000,approval
7907,181,507,103.000000,approval
3531,181,507,7.000000,approval
8582,182,624,71.000000,approval
8582,183,625,51.000000,approval
8866,183,625,51.000000,approval
3668,185,762,2.000000,approval
4441,186,310,1005.000000,approval
3450,187,639,1.000000,approval
9192,188,639,1.600000,approval
9192,189,637,1.600000,approval
9192,190,638,1.600000,approval
8277,191,280,201.000000,approval
8277,191,287,151.000000,approval
6806,193,774,20.000000,approval
8065,194,192,2.000000,approval
7820,195,272,137.000000,approval
7820,196,267,149.000000,approval
7820,197,273,132.000000,approval
7820,198,268,132.000000,approval
2073,199,316,28.000000,approval
6587,200,199,800.000000,approval
82,201,802,2.900000,approval
5432,202,351,132.000000,approval
5432,203,352,137.000000,approval
8904,204,216,201.000000,approval
9423,204,49,52.000000,approval
8694,204,49,52.000000,approval
7566,205,199,361.000000,approval
7932,206,280,205.000000,approval
7932,206,287,155.000000,approval
8959,207,351,132.000000,approval
8959,208,352,137.000000,approval
8959,209,350,132.000000,approval
8959,210,349,141.000000,approval
8959,211,273,132.000000,approval
8959,212,267,149.000000,approval
8959,213,268,132.000000,approval
8959,214,272,137.000000,approval
4039,215,579,39.000000,approval
4039,216,652,167.000000,approval
4432,217,320,605.000000,approval
4039,218,652,61.000000,approval
4039,219,651,31.400000,approval
4039,220,631,26.700000,approval
4039,221,630,21.100000,approval
4039,222,629,26.700000,approval
6715,223,257,22.300000,approval
6715,224,491,11.630000,approval
6715,224,491,11.150000,approval
9355,225,798,2.000000,approval
8916,226,609,500.000000,approval
6587,226,609,10.000000,approval
5948,227,610,0.490000,approval
8916,227,610,300.000000,approval
6587,227,610,6.000000,approval
5948,228,611,0.490000,approval
8916,228,611,300.000000,approval
6587,228,611,6.000000,approval
7508,229,618,4.010000,approval
102,229,618,1.930000,approval
3342,229,618,1.030000,approval
9445,230,656,101.000000,approval
3351,231,442,10.000000,approval
9445,232,659,154.300000,approval
9445,233,658,194.500000,approval
9445,234,657,196.500000,approval
3894,235,383,550.000000,approval
8848,236,479,2.000000,approval
9023,237,479,55.000000,approval
9023,237,479,52.500000,approval
9023,237,479,52.500000,approval
6788,238,634,0.500000,approval
6788,239,441,0.300000,approval
6788,239,439,0.300000,approval
6788,239,440,0.300000,approval
3634,240,525,2.000000,approval
3423,240,513,3.000000,approval
6861,241,497,362.600000,approval
2562,242,419,305.000000,approval
2562,242,418,305.000000,approval
2562,242,425,305.000000,approval
2562,242,424,305.000000,approval
2562,242,422,205.000000,approval
2562,242,421,305.000000,approval
2626,242,419,44.000000,approval
4441,243,309,1001.000000,approval
4441,243,308,1005.000000,approval
8508,244,199,497.600000,approval
8508,244,191,497.600000,approval
8508,244,198,497.600000,approval
6199,245,751,518.000000,approval
3670,246,349,3.000000,approval
3670,246,351,3.000000,approval
3666,247,350,2.000000,approval
3588,248,352,2.000000,approval
238,249,557,5.000000,approval
2276,250,492,10.720000,approval
4080,251,268,90.000000,approval
4080,251,272,90.000000,approval
8992,252,492,190.000000,approval
8458,253,492,193.240000,approval
5782,254,647,1.000000,approval
4540,255,647,12.000000,approval
3649,256,192,3.000000,approval
7508,257,666,1.930000,approval
1066,258,676,0.640000,approval
9118,259,627,1.000000,approval
6594,260,198,2888.000000,approval
6590,260,198,2888.000000,approval
3362,261,291,1.000000,approval
9525,262,472,2510.000000,approval
9521,263,473,1510.000000,approval
8349,264,533,66.000000,approval
3645,265,775,22.000000,approval
3645,265,779,11.000000,approval
3645,265,783,4.000000,approval
3645,265,784,2.000000,approval
3645,265,785,5.000000,approval
3645,265,788,3.000000,approval
3645,265,794,9.000000,approval
3645,265,796,3.000000,approval
3645,265,795,2.000000,approval
3645,265,789,3.000000,approval
3645,265,786,2.000000,approval
3645,265,780,7.000000,approval
6185,266,674,303.000000,approval
4705,267,674,303.000000,approval
2211,268,408,3.000000,approval
2210,268,408,5.000000,approval
6600,269,780,324.500000,approval
6599,269,780,308.000000,approval
3897,269,779,972.000000,approval
9363,270,212,109.000000,approval
9446,270,797,53.000000,approval
6587,271,199,400.000000,approval
1062,272,759,6.900000,approval
7579,273,618,303.000000,approval
8062,274,208,1005.000000,approval
8062,274,205,805.000000,approval
1066,275,662,9.000000,approval
3999,277,709,483.000000,approval
91,278,885,0.583000,approval
1929,278,885,0.792000,approval
1929,278,885,0.924000,approval
82,278,885,0.484000,approval
177,278,885,0.462000,approval
8347,278,885,13.200000,approval
8508,278,885,29.700000,approval
7578,278,885,20.000000,approval
6580,278,885,20.000000,approval
2348,278,885,0.680000,approval
3983,278,885,13.200000,approval
2404,278,885,20.000000,approval
4702,278,885,20.000000,approval
8052,278,885,20.000000,approval
7943,278,885,20.000000,approval
9532,279,751,70.000000,approval
9533,279,752,30.000000,approval
9531,279,750,30.000000,approval
6731,280,1026,66.000000,approval
9524,281,1006,75.000000,approval
9522,281,1005,145.000000,approval
9523,281,1004,145.000000,approval
7117,282,871,746.000000,approval
7885,283,918,510.000000,approval
1054,284,914,8.000000,approval
9717,284,914,8.000000,approval
7565,285,667,303.000000,approval
3632,285,667,2.000000,approval
3459,285,678,1.000000,approval
6580,286,544,111.000000,approval
9538,287,838,6012.000000,approval
2562,288,757,102.000000,approval
1287,289,894,90.000000,approval
5343,290,918,508.000000,approval
5363,290,927,512.000000,approval
5346,290,919,512.000000,approval
5352,290,923,512.000000,approval
6590,291,405,1300.000000,approval
6590,291,409,1300.000000,approval
6590,291,403,1300.000000,approval
6590,291,404,1300.000000,approval
9366,292,706,1705.000000,approval
9366,292,708,1605.000000,approval
9366,292,709,805.000000,approval
9366,293,710,1105.000000,approval
9366,293,711,1805.000000,approval
9366,293,712,705.000000,approval
9366,293,714,1005.000000,approval
9366,293,716,2305.000000,approval
9366,293,719,1105.000000,approval
9366,293,721,5705.000000,approval
9366,293,713,105.000000,approval
9366,293,722,4705.000000,approval
9366,293,723,2305.000000,approval
9366,293,725,1105.000000,approval
9366,293,726,1705.000000,approval
3999,294,706,1023.000000,approval
5948,294,706,10.000000,approval
5903,294,706,1705.000000,approval
4012,294,707,963.000000,approval
8062,294,707,805.000000,approval
3318,294,707,2.000000,approval
3683,294,704,2.000000,approval
3683,294,708,2.000000,approval
3999,294,708,963.000000,approval
3642,295,756,7.000000,approval
3642,295,412,7.000000,approval
8464,296,584,2.000000,approval
6600,297,751,50.000000,approval
6599,297,751,70.000000,approval
308,298,1026,6.000000,approval
9764,299,892,505.000000,approval
9765,299,892,505.000000,approval
9766,299,892,505.000000,approval
9767,299,892,505.000000,approval
8706,300,541,66.660000,approval
3802,301,352,1.000000,approval
3731,301,352,2.000000,approval
3728,301,351,2.000000,approval
2544,301,352,2.000000,approval
2525,301,351,2.000000,approval
2526,301,352,2.000000,approval
2489,301,351,2.000000,approval
2515,301,352,4.000000,approval
2539,301,352,4.000000,approval
3709,301,352,4.000000,approval
3753,301,352,2.000000,approval
3751,301,352,1.000000,approval
5391,301,352,4.000000,approval
5555,301,352,4.000000,approval
5432,301,352,4.000000,approval
5461,301,352,4.000000,approval
5932,301,352,4.000000,approval
5907,301,352,4.000000,approval
5867,301,352,4.000000,approval
7544,301,352,4.000000,approval
7809,301,352,4.000000,approval
6594,301,352,4.000000,approval
6590,301,352,4.000000,approval
2569,302,1029,127.000000,approval
9536,303,1044,70.000000,approval
6199,304,1027,100.000000,approval
317,305,934,2.500000,approval
9775,306,1031,505.000000,approval
8869,306,1031,2.000000,approval
2717,306,1031,1.000000,approval
9707,307,966,502.000000,approval
5421,308,1075,2502.000000,approval
5421,308,1078,1502.000000,approval
6824,309,567,1.000000,approval
7566,310,719,1105.000000,approval
9809,311,1044,7428.000000,approval
9502,312,799,87.300000,approval
9456,312,799,84.200000,approval
9456,312,799,90.400000,approval
9456,312,799,67.600000,approval
9456,312,799,64.800000,approval
9456,312,799,24.900000,approval
9667,313,952,147.000000,approval
9668,314,954,147.000000,approval
5144,315,956,147.000000,approval
6590,316,568,655.000000,approval
5360,317,926,508.000000,approval
5555,318,575,255.000000,approval
5555,319,402,405.000000,approval
2547,319,395,1105.000000,approval
9864,320,1045,2.900000,approval
228,320,1045,0.800000,approval
8968,320,1045,66.700000,approval
9866,320,1045,162.200000,approval
9865,320,1045,66.700000,approval
2415,320,1045,104.000000,approval
3615,320,1045,1.100000,approval
3312,320,1045,1.800000,approval
9706,321,980,147.000000,approval
9508,322,895,3.000000,approval
9515,322,895,3.000000,approval
228,323,1045,3.000000,approval
9864,323,1045,1.000000,approval
9869,323,1045,67.000000,approval
9512,324,895,3.000000,approval
5907,325,414,1155.000000,approval
5907,325,413,1155.000000,approval
5907,325,396,555.000000,approval
5907,325,399,305.000000,approval
5907,325,401,225.000000,approval
5907,325,402,405.000000,approval
5907,325,400,455.000000,approval
5907,325,395,1105.000000,approval
9874,326,1146,153.000000,approval
9887,327,902,68.000000,approval
4041,328,1124,64.640000,approval
5980,329,1108,382.000000,approval
5368,329,1108,383.000000,approval
8863,330,721,3080.000000,approval
5981,331,1109,382.000000,approval
5982,331,1110,382.000000,approval
3512,332,866,1.000000,approval
6824,332,866,1.000000,approval
9622,333,1117,2.000000,approval
9567,334,1114,1.000000,approval
3370,334,1114,1.000000,approval
9875,335,1108,385.000000,approval
9878,336,1112,382.000000,approval
821,337,1119,7.400000,approval
6867,337,1119,369.790000,approval
9776,338,968,101.000000,approval
793,339,1109,11.500000,approval
9194,340,1044,669.800000,approval
7724,341,1106,125.000000,approval
9099,342,1156,100.000000,approval
80,343,1119,7.400000,approval
80,343,1119,5.810000,approval
9900,343,1119,164.350000,approval
9897,343,1119,1.000000,approval
5789,343,1119,3.000000,approval
9903,344,938,1.000000,approval
9903,344,938,1.000000,approval
6643,345,686,18.000000,approval
6643,345,685,27.000000,approval
2,345,686,150.000000,approval
2,345,685,217.000000,approval
8323,345,686,72.000000,approval
8323,345,685,76.000000,approval
3659,345,686,8.000000,approval
3659,345,685,11.000000,approval
6590,345,685,5205.000000,approval
6590,345,686,3605.000000,approval
6587,345,685,145.000000,approval
6587,345,686,209.000000,approval
6643,346,683,4.000000,approval
6643,346,684,4.000000,approval
2,346,683,26.000000,approval
2,346,684,26.000000,approval
7831,346,683,4.000000,approval
7831,346,684,4.000000,approval
6590,346,683,605.000000,approval
6590,346,684,605.000000,approval
6587,346,683,26.000000,approval
6587,346,684,26.000000,approval
92,347,1173,3.000000,approval
8714,348,1026,200.000000,approval
1306,349,1218,1.650000,approval
1312,349,1218,1.980000,approval
1312,349,1218,3.960000,approval
1312,349,1219,1.980000,approval
1312,349,1219,3.960000,approval
8714,350,1026,640.000000,approval
3670,351,1031,1.000000,approval
9587,352,1114,1.000000,approval
8424,353,696,835.000000,approval
793,354,927,14.300000,approval
2348,354,927,17.200000,approval
91,355,1173,3.000000,approval
9907,356,974,153.000000,approval
9981,357,973,153.000000,approval
3940,358,1392,1288.960000,approval
3940,358,1393,1569.920000,approval
3940,358,1394,1226.880000,approval
3940,358,1395,1491.200000,approval
3940,358,1396,729.600000,approval
3940,358,1397,862.080000,approval
9982,359,1005,145.000000,approval
9982,360,1004,145.000000,approval
9906,360,1004,145.000000,approval
9982,361,1006,73.000000,approval
9906,361,1006,73.000000,approval
9818,362,797,1.000000,approval
5461,362,797,1004.000000,approval
5151,363,1176,150.000000,approval
3657,364,723,18.000000,approval
9818,365,797,1.000000,approval
5461,365,1087,302.000000,approval
5461,365,1088,702.000000,approval
7885,366,1110,385.000000,approval
7885,366,1109,385.000000,approval
7885,366,1121,256.000000,approval
7927,367,1194,978.000000,approval
3451,368,931,2.000000,approval
9243,369,1277,202.000000,approval
7327,370,1277,202.000000,approval
7327,371,1278,202.000000,approval
6979,372,852,441.100000,approval
6979,372,861,440.400000,approval
6979,372,862,462.400000,approval
6979,372,863,396.400000,approval
7885,373,974,155.000000,approval
7885,374,973,155.000000,approval
10147,375,1283,202.000000,approval
1215,376,1422,22.020000,approval
1215,377,1423,61.540000,approval
1215,378,1424,83.590000,approval
1215,379,1424,83.590000,approval
1215,380,1424,83.590000,approval
1215,381,1425,35.000000,approval
10147,382,1284,202.000000,approval
8999,383,960,24.000000,approval
8999,383,1188,25.500000,approval
156,384,1030,3.000000,approval
156,384,1030,2.500000,approval
156,384,1030,2.400000,approval
156,384,1030,2.300000,approval
8538,385,1030,68.000000,approval
10166,385,1030,153.000000,approval
3425,385,1030,1.800000,approval
8176,386,1157,1.000000,approval
8180,386,1157,1.500000,approval
922,386,1157,1.500000,approval
9415,386,1157,16.500000,approval
6998,386,1157,38.000000,approval
8602,387,1279,0.510000,approval
8602,388,1280,1.010000,approval
8602,389,1281,1.010000,approval
4036,390,1167,140.000000,approval
3731,391,1324,1484.000000,approval
3983,391,1324,1203.000000,approval
5948,391,1324,15.000000,approval
6861,391,1324,702.000000,approval
5419,391,1324,2184.000000,approval
5516,391,1324,2100.000000,approval
5517,391,1324,2184.000000,approval
3731,392,1325,1114.000000,approval
3983,392,1325,903.000000,approval
6861,392,1325,527.000000,approval
5948,392,1325,12.000000,approval
3731,393,1326,596.000000,approval
3989,393,1326,483.000000,approval
3657,393,1326,6.000000,approval
6861,393,1326,282.000000,approval
3731,394,1327,522.000000,approval
6861,394,1327,247.000000,approval
3989,394,1327,423.000000,approval
3657,394,1327,6.000000,approval
3731,395,1328,17.000000,approval
3989,395,1328,963.000000,approval
3623,395,1328,12.000000,approval
6861,395,1328,562.000000,approval
3731,396,1331,15.000000,approval
3989,396,1331,843.000000,approval
3623,396,1331,11.000000,approval
6861,396,1331,492.000000,approval
3731,397,1329,3.000000,approval
3989,397,1329,123.000000,approval
3398,397,1329,2.000000,approval
6861,397,1329,72.000000,approval
3731,398,1330,8.000000,approval
3989,398,1330,423.000000,approval
3471,398,1330,6.000000,approval
6861,398,1330,247.000000,approval
5419,399,1324,2184.000000,approval
5517,399,1324,2184.000000,approval
5517,400,1308,1020.000000,approval
5517,400,1309,2434.000000,approval
5907,401,1091,6002.000000,approval
7831,401,1091,4.800000,approval
5423,402,1324,90.000000,approval
8176,403,1434,2.860000,approval
8178,403,1434,2.780000,approval
8178,403,1434,3.330000,approval
8178,403,1434,2.440000,approval
8178,403,1434,2.330000,approval
8178,403,1434,1.330000,approval
10292,403,1434,66.660000,approval
10269,404,1010,103.000000,approval
10269,404,1011,103.000000,approval
9861,405,1162,2.000000,approval
9862,405,1162,2.000000,approval
7950,406,1194,17.000000,approval
3642,407,1295,20.000000,approval
10311,407,1295,5.000000,approval
3642,407,1296,33.000000,approval
10311,407,1296,9.000000,approval
10360,408,1259,200.000000,approval
10360,409,1260,200.000000,approval
10316,410,1108,382.000000,approval
10317,411,1109,385.000000,approval
10318,412,1110,385.000000,approval
10319,413,1111,382.000000,approval
10320,414,1112,385.000000,approval
6828,415,801,28.000000,approval
6796,415,801,1.000000,approval
6796,415,693,1.000000,approval
6828,415,693,28.000000,approval
8011,416,1427,147.000000,approval
8012,416,1427,147.000000,approval
9882,417,1071,858.520000,approval
9882,417,1072,1010.650000,approval
3381,418,1264,2.550000,approval
3381,419,1265,4.050000,approval
3381,420,1266,4.050000,approval
5398,421,1305,1105.000000,approval
5398,421,1306,1005.000000,approval
5398,421,1307,1105.000000,approval
86,422,1509,5.000000,approval
3458,423,1267,2.550000,approval
3458,423,1267,0.510000,approval
3458,424,1268,5.050000,approval
3458,424,1268,1.010000,approval
3458,425,1269,5.050000,approval
3458,425,1269,1.010000,approval
9934,426,1190,9.630000,approval
3381,427,1264,0.510000,approval
3381,428,1265,0.810000,approval
3381,429,1266,0.810000,approval
3512,430,1270,0.510000,approval
3512,431,1271,1.010000,approval
3512,432,1272,1.010000,approval
7339,433,1265,162.000000,approval
7339,434,1266,162.000000,approval
10384,435,1263,202.000000,approval
10384,436,1262,202.000000,approval
6599,437,1044,669.800000,approval
6952,438,1319,852.500000,approval
7051,438,1319,1450.000000,approval
4012,438,1319,1023.000000,approval
5516,438,1319,18.000000,approval
5517,438,1319,69.000000,approval
5419,438,1319,69.000000,approval
6952,439,1322,1203.000000,approval
7051,439,1322,2045.000000,approval
4012,439,1322,1445.000000,approval
5419,439,1322,97.000000,approval
5516,439,1322,25.000000,approval
5517,439,1322,97.000000,approval
6952,440,1321,1003.000000,approval
7051,440,1321,1705.000000,approval
4012,440,1321,1203.000000,approval
5419,440,1321,81.000000,approval
5516,440,1321,21.000000,approval
5517,440,1321,81.000000,approval
6952,441,1320,703.000000,approval
7051,441,1320,1195.000000,approval
4012,441,1320,843.000000,approval
5419,441,1320,57.000000,approval
5516,441,1320,15.000000,approval
5517,441,1320,57.000000,approval
6952,442,1323,753.000000,approval
7051,442,1323,1280.000000,approval
4012,442,1323,903.000000,approval
5419,442,1323,61.000000,approval
5516,442,1323,16.000000,approval
5517,442,1323,61.000000,approval
5948,443,1082,8.000000,approval
3378,443,1083,5.000000,approval
3306,443,1084,5.000000,approval
10321,444,1118,258.000000,approval
10324,445,1121,256.000000,approval
8860,446,1511,198.000000,approval
9771,447,1019,6.000000,approval
9771,447,1020,5.000000,approval
9771,447,696,41.000000,approval
9771,447,697,10.000000,approval
9771,447,698,10.000000,approval
9771,447,699,19.000000,approval
9771,447,700,25.000000,approval
9771,447,701,15.000000,approval
5419,448,1235,850.000000,approval
3310,448,1235,26.000000,approval
7827,449,1235,16680.000000,approval
9997,450,1142,103.000000,approval
9997,450,1143,103.000000,approval
9515,451,1537,6.000000,approval
1273,452,1537,6.000000,approval
9951,453,1245,13.000000,approval
9955,453,1245,13.000000,approval
9951,454,1244,13.000000,approval
9955,454,1244,13.000000,approval
7061,455,1243,13.000000,approval
7061,455,1243,13.000000,approval
7061,456,1242,13.000000,approval
7061,456,1242,13.000000,approval
9951,457,1245,15.100000,approval
9955,457,1245,15.100000,approval
7061,458,1243,1.100000,approval
7061,458,1243,1.100000,approval
7061,459,1242,7.100000,approval
7061,459,1242,7.100000,approval
3646,460,1386,0.800000,approval
3646,461,1387,0.800000,approval
10474,462,1411,273.000000,approval
10475,463,1408,446.250000,approval
10477,464,1407,446.250000,approval
10476,465,1409,446.250000,approval
10479,466,1410,273.000000,approval
6791,466,1410,2.000000,approval
10478,466,1410,4.000000,approval
6736,466,1410,12.000000,approval
6791,467,1411,2.000000,approval
10478,467,1411,4.000000,approval
6736,467,1411,12.000000,approval
6791,468,1408,4.000000,approval
10478,468,1408,8.000000,approval
6736,468,1408,20.000000,approval
6791,469,1409,3.000000,approval
10478,469,1409,6.000000,approval
6736,469,1409,20.000000,approval
6791,470,1407,3.000000,approval
10478,470,1407,6.000000,approval
6736,470,1407,20.000000,approval
10474,471,1406,273.000000,approval
6791,471,1406,2.000000,approval
10478,471,1406,4.000000,approval
6736,471,1406,12.000000,approval
10479,472,1405,273.000000,approval
6791,472,1405,2.000000,approval
10478,472,1405,4.000000,approval
6736,472,1405,12.000000,approval
10475,473,1403,446.250000,approval
6791,473,1403,4.000000,approval
10478,473,1403,8.000000,approval
6736,473,1403,20.000000,approval
10476,474,1404,446.250000,approval
6791,474,1404,3.000000,approval
10478,474,1404,6.000000,approval
6736,474,1404,20.000000,approval
10477,475,1402,446.250000,approval
6791,475,1402,3.000000,approval
10478,475,1402,6.000000,approval
6736,475,1402,20.000000,approval
3679,476,1576,1.600000,approval
3679,477,1577,1.800000,approval
3681,478,1591,0.810000,approval
3310,479,1591,4.990000,approval
3681,480,1592,0.700000,approval
7814,481,1592,705.000000,approval
2353,481,1592,0.910000,approval
7814,482,1591,805.000000,approval
2353,482,1591,1.050000,approval
10301,483,799,3026.000000,approval
821,484,1483,7.400000,approval
6867,484,1483,369.790000,approval
1532,485,1591,21.730000,approval
3811,486,1591,12.070000,approval
3811,487,1592,10.600000,approval
9451,488,1583,113.000000,approval
9451,489,1582,103.000000,approval
9451,490,1573,200.000000,approval
9451,491,1574,200.000000,approval
9451,491,1557,200.000000,approval
9451,491,1558,203.000000,approval
9451,491,1559,100.000000,approval
9451,491,1560,203.000000,approval
9451,491,1561,103.000000,approval
10462,492,1490,3.000000,approval
10462,493,1502,3.000000,approval
1961,494,1314,54.000000,approval
1961,494,1315,42.000000,approval
1961,494,1316,20.000000,approval
1961,494,1317,38.000000,approval
1961,494,1318,35.000000,approval
7268,495,1335,2108.750000,approval
7268,496,1334,2108.750000,approval
7269,497,1332,1758.750000,approval
7269,498,1333,1758.750000,approval
9445,499,1561,80.000000,approval
9008,499,1574,313.000000,approval
9008,499,1573,313.000000,approval
2196,499,1557,5.000000,approval
3655,500,1304,39.000000,approval
3655,501,1303,54.000000,approval
3655,502,1302,90.000000,approval
3655,503,1301,90.000000,approval
3655,504,1300,39.000000,approval
3655,505,1299,42.000000,approval
4058,506,1404,37.000000,approval
4058,507,1406,23.000000,approval
4058,508,1405,23.000000,approval
4058,509,1403,37.000000,approval
4058,510,1402,37.000000,approval
3531,511,1161,0.500000,approval
4058,512,1411,23.000000,approval
4058,513,1410,23.000000,approval
4058,514,1409,37.000000,approval
4058,515,1408,37.000000,approval
4058,516,1408,37.000000,approval
4058,517,1407,37.000000,approval
10507,518,1576,1605.000000,approval
10507,519,1577,1805.000000,approval
10506,520,1578,405.000000,approval
10506,521,1579,605.000000,approval
7268,522,1339,1179.750000,approval
1539,522,1339,29.040000,approval
3670,522,1339,0.500000,approval
7268,522,1290,1959.750000,approval
1539,522,1290,48.240000,approval
3670,522,1290,0.500000,approval
7268,522,1293,3324.750000,approval
1539,522,1293,81.840000,approval
3670,522,1293,0.500000,approval
7268,522,1294,3909.750000,approval
1539,522,1294,96.240000,approval
3670,522,1294,1.000000,approval
7341,522,1291,3909.750000,approval
1539,522,1291,96.240000,approval
3670,522,1291,1.000000,approval
7341,522,1292,5859.750000,approval
1539,522,1292,144.240000,approval
3670,522,1292,1.000000,approval
7269,522,1288,5859.750000,approval
1539,522,1288,144.240000,approval
3455,522,1288,3.000000,approval
3526,522,1288,3.000000,approval
3670,522,1288,1.000000,approval
7269,522,1289,5859.750000,approval
1539,522,1289,144.240000,approval
3455,522,1289,3.000000,approval
3526,522,1289,3.000000,approval
3670,522,1289,1.000000,approval
3630,523,1413,37.270000,approval
5582,524,1602,605.000000,approval
9470,525,1601,415.950000,approval
1542,525,1601,5.920000,approval
5582,525,1601,705.000000,approval
3318,525,1601,0.920000,approval
3655,526,1612,87.000000,approval
3655,527,1611,42.000000,approval
3655,528,1610,12.000000,approval
3655,529,1609,12.000000,approval
7195,530,1598,564.000000,approval
3975,531,1605,126.700000,approval
3975,532,1606,168.700000,approval
3975,533,1607,5397.910000,approval
3975,534,1608,84.700000,approval
3646,535,1295,20.000000,approval
3646,536,1296,33.000000,approval
1118,537,1597,99.450000,approval
10516,537,1597,1436.500000,approval
7036,537,1597,884.000000,approval
3583,537,1597,5.530000,approval
3558,537,1597,5.530000,approval
3583,537,1597,3.200000,approval
3583,537,1597,2.210000,approval
5948,538,1413,9.880000,approval
3630,538,1413,26.940000,approval
3678,538,1413,7.180000,approval
5420,538,1413,45.000000,approval
6148,538,1413,4490.000000,approval
5420,539,1413,404.000000,approval
2358,540,1605,72.400000,approval
2358,540,1606,96.400000,approval
3517,543,1588,4.050000,approval
3584,543,1588,2.000000,approval
3324,544,1441,0.500000,approval
3324,544,1446,0.300000,approval
3324,544,1442,0.300000,approval
3324,544,1443,0.300000,approval
3324,544,1444,0.300000,approval
3324,544,1445,1.000000,approval
3584,545,1590,2.000000,approval
3567,545,1590,4.000000,approval
3517,545,1590,1.300000,approval
8,545,1590,71.000000,approval
7,546,1589,94.000000,approval
3361,546,1589,6.000000,approval
3567,546,1589,2.000000,approval
3584,546,1589,2.000000,approval
3983,547,1590,243.000000,approval
8311,547,1590,16.200000,approval
3983,548,1589,363.000000,approval
8311,548,1589,24.200000,approval
3983,549,1588,243.000000,approval
8311,549,1588,16.200000,approval
10524,550,1571,303.000000,approval
10524,550,1572,303.000000,approval
10523,551,1496,8.080000,approval
10523,552,1499,5.810000,approval
10531,552,1499,2.000000,approval
10531,553,1499,2.000000,approval
10534,553,1499,164.350000,approval
10523,554,1504,6.030000,approval
10523,554,1504,5.810000,approval
10532,554,1504,2.000000,approval
10531,554,1504,2.000000,approval
9074,555,1398,2614.350000,approval
6871,555,1398,1622.700000,approval
7311,555,1398,1442.400000,approval
9316,555,1398,1803.000000,approval
6150,555,1398,1803.000000,approval
9074,555,1399,2968.150000,approval
6871,555,1399,1842.300000,approval
7311,555,1399,1637.600000,approval
9316,555,1399,2047.000000,approval
6150,555,1399,2047.000000,approval
6871,556,1398,108.200000,approval
6871,556,1398,122.800000,approval
167,557,1484,8.840000,approval
167,557,1484,7.200000,approval
10532,557,1484,2.000000,approval
10531,557,1484,1.000000,approval
10534,558,1496,228.550000,approval
10523,559,1505,6.030000,approval
10523,559,1505,5.810000,approval
10532,559,1505,0.880000,approval
10531,559,1505,0.880000,approval
10531,560,1496,3.000000,approval
10523,561,1484,8.840000,approval
10523,561,1484,7.200000,approval
10532,561,1484,2.320000,approval
6979,562,1312,520.000000,approval
5553,562,1312,1705.000000,approval
5461,562,1312,1705.000000,approval
6979,563,1313,520.000000,approval
5553,563,1313,1705.000000,approval
10158,563,1313,1705.000000,approval
5461,563,1313,1705.000000,approval
6979,564,1310,1705.000000,approval
5553,564,1310,1705.000000,approval
5583,564,1310,1705.000000,approval
5461,564,1310,1705.000000,approval
5553,565,1311,1705.000000,approval
6979,565,1311,520.000000,approval
10158,565,1311,1705.000000,approval
5461,565,1311,1705.000000,approval
5419,565,1311,140.000000,approval
9075,566,1398,901.500000,approval
9075,566,1399,1023.500000,approval
8508,568,844,5.000000,approval
8508,568,845,5.000000,approval
7327,569,1091,10503.500000,approval
10531,570,1484,1.050000,approval
793,571,1388,67.610000,approval
2,571,1388,378.590000,approval
9312,571,1388,4507.000000,approval
6131,571,1388,4507.000000,approval
793,571,1389,82.730000,approval
2,571,1389,479.810000,approval
9312,571,1389,5515.000000,approval
6131,571,1389,5515.000000,approval
811,571,1386,602.000000,approval
2,571,1386,33.680000,approval
9312,571,1386,401.000000,approval
6131,571,1386,401.000000,approval
811,571,1387,7.040000,approval
2,571,1387,40.800000,approval
9312,571,1387,469.000000,approval
6131,571,1387,469.000000,approval
793,571,1390,50.520000,approval
2,571,1390,282.910000,approval
9312,571,1390,3368.000000,approval
6131,571,1390,3368.000000,approval
793,571,1391,61.110000,approval
2,571,1391,354.440000,approval
9312,571,1391,4074.000000,approval
6131,571,1391,4074.000000,approval
8508,572,1388,1172.000000,approval
8508,572,1389,1134.000000,approval
8508,572,1390,875.700000,approval
8508,572,1391,1059.000000,approval
6871,572,1386,104.300000,approval
6871,572,1387,121.900000,approval
7817,573,689,3.000000,approval
3670,573,689,2.000000,approval
3656,574,689,2.000000,approval
10009,574,689,3.000000,approval
3675,574,689,2.000000,approval
10009,574,690,3.000000,approval
3675,574,690,2.000000,approval
7817,575,690,3.000000,approval
3670,575,690,2.000000,approval
3657,575,690,1.000000,approval
7596,576,1398,1803.000000,approval
7596,576,1399,2047.000000,approval
7627,577,1309,1205.000000,approval
5516,577,1309,36.000000,approval
5419,577,1309,72.000000,approval
5517,577,1309,48.000000,approval
3906,577,1309,73.000000,approval
7634,578,1308,505.000000,approval
3906,578,1308,31.000000,approval
5516,578,1308,15.000000,approval
5419,578,1308,30.000000,approval
5517,578,1308,20.000000,approval
10582,579,1191,200.000000,approval
10584,579,1191,200.000000,approval
10583,580,1190,300.000000,approval
10584,580,1190,300.000000,approval
10037,581,1386,401.000000,approval
10038,581,1387,469.000000,approval
9528,582,1475,360.000000,approval
9528,583,1481,259.000000,approval
1457,584,957,8.000000,approval
1457,584,1518,15.000000,approval
5583,585,1312,1705.000000,approval
8992,586,1572,192.600000,approval
4058,587,1406,22.470000,approval
4058,587,1405,22.470000,approval
4058,587,1403,36.750000,approval
4058,587,1404,36.750000,approval
4058,587,1402,36.750000,approval
4058,587,1411,22.470000,approval
4058,587,1410,22.470000,approval
4058,587,1408,36.750000,approval
4058,587,1409,36.750000,approval
4058,587,1407,36.750000,approval
8992,588,1142,67.000000,approval
8992,588,1525,193.000000,approval
3661,589,1400,31.120000,approval
3450,589,1400,20.230000,approval
3673,589,1400,3.110000,approval
8026,589,1400,1556.000000,approval
6149,589,1400,1556.000000,approval
3661,589,1401,35.560000,approval
3450,589,1401,23.110000,approval
3673,589,1401,3.560000,approval
8026,589,1401,1778.000000,approval
6149,589,1401,1778.000000,approval
9783,590,1602,273.000000,approval
9783,591,1601,317.250000,approval
1163,592,1456,128.300000,approval
9687,593,1455,59.000000,approval
2669,593,1455,590.000000,approval
2670,594,1455,590.000000,approval
3989,595,1613,73.500000,approval
3989,595,1614,2243.500000,approval
3989,595,1615,493.500000,approval
3989,595,1616,423.500000,approval
3989,595,1617,493.500000,approval
3989,595,1618,633.500000,approval
3989,595,1619,353.500000,approval
3989,595,1621,843.500000,approval
3989,595,1623,1053.500000,approval
3989,595,1624,773.500000,approval
3570,596,1623,30.100000,approval
3742,597,1235,12.050000,approval
3800,597,1235,71.350000,approval
3731,597,1235,41.200000,approval
3743,597,1233,20.000000,approval
10481,598,1411,2.000000,approval
10481,599,1410,2.000000,approval
10481,600,1409,3.000000,approval
10481,601,1408,4.000000,approval
10481,602,1407,3.000000,approval
10481,603,1404,3.000000,approval
10481,604,1406,2.000000,approval
10481,605,1405,2.000000,approval
10481,606,1403,4.000000,approval
10481,607,1402,3.000000,approval
3575,608,1455,12.000000,approval
3310,608,1455,5.000000,approval
10627,609,1427,146.000000,approval
10626,610,1580,154.000000,approval
6197,611,680,144.600000,approval
6197,611,681,144.600000,approval
6197,611,682,144.600000,approval
6197,611,679,144.600000,approval
7269,612,1603,1764.750000,approval
3455,612,1603,0.910000,approval
3526,612,1603,0.910000,approval
3310,612,1603,1.810000,approval
3670,612,1603,2.720000,approval
7269,612,1604,1.950000,approval
3455,612,1604,1.300000,approval
3526,612,1604,1.300000,approval
3310,612,1604,2.610000,approval
3670,612,1604,3.920000,approval
10459,613,1488,2.000000,approval
10458,613,1488,1.000000,approval
10458,614,1476,2.000000,approval
10459,614,1476,3.000000,approval
3670,615,1603,0.270000,approval
3670,615,1604,0.390000,approval
3666,616,1228,3.000000,approval
3666,616,1229,3.000000,approval
3666,616,1230,2.000000,approval
3666,616,1231,3.000000,approval
3666,616,1232,3.000000,approval
3666,616,1233,3.000000,approval
3666,616,1234,2.000000,approval
3666,616,1235,2.000000,approval
10624,617,1106,254.000000,approval
10593,617,1106,254.000000,approval
10625,617,1106,254.000000,approval
10624,617,1107,254.000000,approval
10593,617,1107,254.000000,approval
10625,617,1107,254.000000,approval
9220,618,1392,322.240000,approval
6861,618,1392,322.240000,approval
9320,618,1392,4028.000000,approval
6133,618,1392,4028.000000,approval
9220,619,1393,392.480000,approval
6861,619,1393,392.480000,approval
9320,619,1393,4906.000000,approval
6133,619,1393,4906.000000,approval
6882,620,1394,306.720000,approval
8508,620,1394,306.720000,approval
9320,620,1394,3834.000000,approval
6133,620,1394,3834.000000,approval
6882,621,1395,372.800000,approval
8508,621,1395,372.800000,approval
9320,621,1395,4660.000000,approval
6133,621,1395,4660.000000,approval
6882,622,1396,182.400000,approval
8508,622,1396,182.400000,approval
9320,622,1396,2280.000000,approval
6133,622,1396,2280.000000,approval
6882,623,1397,215.520000,approval
8508,623,1397,215.520000,approval
9320,623,1397,2694.000000,approval
6133,623,1397,2694.000000,approval
8286,624,1392,4028.000000,approval
8286,625,1393,4906.000000,approval
8286,626,1394,3834.000000,approval
8286,627,1395,4660.000000,approval
8286,628,1396,2280.000000,approval
8286,629,1397,2694.000000,approval
10322,630,1119,260.000000,approval
10323,630,1120,260.000000,approval
10077,631,1396,2280.000000,approval
10078,631,1397,2694.000000,approval
10078,631,1395,4660.000000,approval
10077,631,1394,3834.000000,approval
10078,631,1393,4906.000000,approval
10077,631,1392,4028.000000,approval
10593,632,1106,254.000000,approval
10625,632,1106,254.000000,approval
10593,632,1107,254.000000,approval
10625,632,1107,254.000000,approval
8992,633,1106,161.140000,approval
8992,633,1107,161.140000,approval
2570,634,1703,425.000000,approval
1795,635,1638,1.000000,approval
86,636,1468,4.000000,approval
10079,637,1422,242.000000,approval
10608,637,1423,641.000000,approval
10609,637,1424,853.000000,approval
10610,637,1425,350.000000,approval
10079,637,1414,309.000000,approval
10608,637,1415,823.000000,approval
10609,637,1416,1097.000000,approval
10610,637,1425,447.000000,approval
10628,638,1208,150.000000,approval
7885,639,1106,254.000000,approval
7885,639,1107,254.000000,approval
3655,640,1304,4.000000,approval
3655,641,1303,6.000000,approval
3655,642,1302,9.000000,approval
3655,643,1301,9.000000,approval
3655,644,1300,4.000000,approval
3802,645,1605,21.100000,approval
3655,646,1299,4.000000,approval
3821,647,1607,11.100000,approval
10684,648,1457,9.430000,approval
3731,648,1457,1162.500000,approval
9984,648,1457,18.850000,approval
3655,648,1457,12.880000,approval
10473,648,1457,10.990000,approval
6885,649,1622,718.000000,approval
6885,649,1620,440.000000,approval
3906,650,1587,36.300000,approval
3906,651,1586,42.300000,approval
3739,652,1587,10.000000,approval
3739,653,1586,10.000000,approval
10387,654,1123,65.000000,approval
10613,655,1413,4490.000000,approval
10612,656,1401,1778.000000,approval
10611,656,1400,1556.000000,approval
10076,657,1399,2047.000000,approval
10067,657,1398,1803.000000,approval
2501,658,1304,1305.000000,approval
5419,658,1304,105.000000,approval
2501,659,1303,1805.000000,approval
5419,659,1303,145.000000,approval
2501,660,1302,3005.000000,approval
5419,660,1302,241.000000,approval
2501,661,1301,3005.000000,approval
5419,661,1301,241.000000,approval
2501,662,1300,1305.000000,approval
5419,662,1300,105.000000,approval
2501,663,1299,1405.000000,approval
5419,663,1299,113.000000,approval
3684,664,1302,55.000000,approval
3684,665,1301,55.000000,approval
1539,666,1092,102.000000,approval
8386,667,1746,21.000000,approval
8386,668,1745,21.000000,approval
5208,669,1524,812.000000,approval
8384,670,1744,21.000000,approval
8384,671,1743,11.000000,approval
8386,672,1742,31.000000,approval
8384,673,1741,31.000000,approval
8386,674,1740,21.000000,approval
8384,675,1739,21.000000,approval
8384,676,1738,21.000000,approval
8384,677,1737,11.000000,approval
8386,678,1736,21.000000,approval
8386,679,1735,11.000000,approval
10711,680,1842,171.950000,approval
10711,680,1841,234.900000,approval
3583,680,1841,16.000000,approval
3583,680,1842,11.000000,approval
10723,681,1741,472.500000,approval
10727,681,1739,321.000000,approval
10725,681,1735,150.000000,approval
10726,681,1740,315.000000,approval
10724,681,1737,215.070000,approval
10728,681,1738,315.000000,approval
10729,681,1736,40.200000,approval
10725,682,1746,315.000000,approval
10726,682,1745,300.000000,approval
10724,682,1743,157.500000,approval
10728,682,1744,315.000000,approval
10729,682,1742,472.500000,approval
5293,683,1567,265.000000,approval
10729,684,1736,315.000000,approval
7564,685,1788,250.000000,approval
74,686,1675,12.000000,approval
2132,686,1675,12.000000,approval
7578,686,1675,525.000000,approval
74,686,1675,15.000000,approval
10751,686,1675,3.000000,approval
3351,686,1675,3.000000,approval
10755,687,1695,80.000000,approval
1,688,1675,15.000000,approval
77,689,1675,15.000000,approval
8854,690,1794,1.000000,approval
6731,691,1498,11.000000,approval
7885,691,1498,360.000000,approval
10657,692,1741,909.000000,approval
10657,693,1740,606.000000,approval
495,694,1674,22.420000,approval
6643,694,1674,0.100000,approval
6586,694,1674,46.700000,approval
10487,694,1674,934.000000,approval
3684,695,1612,58.870000,approval
3655,695,1612,16.000000,approval
2501,695,1612,5120.000000,approval
3684,696,1611,25.570000,approval
10812,697,1870,319.000000,approval
3681,698,1591,2.000000,approval
3681,699,1592,2.000000,approval
3681,700,1592,2.000000,approval
10764,701,1836,2.310000,approval
10173,702,1846,361.130000,approval
10841,703,1728,2.500000,approval
10733,704,1429,90.000000,approval
10734,704,1430,50.000000,approval
9537,704,1428,100.000000,approval
10837,705,1830,1010.000000,approval
9984,706,1457,1.890000,approval
6998,707,1870,715.840000,approval
6962,708,1870,715.840000,approval
10684,709,1457,204.230000,approval
10657,710,1739,368.000000,approval
10222,712,1484,310.000000,approval
10234,712,1485,310.000000,approval
3906,713,1608,30.500000,approval
3906,713,1607,25.250000,approval
3906,713,1606,60.250000,approval
3906,713,1605,45.250000,approval
4079,713,1608,87.700000,approval
4079,713,1607,70.700000,approval
4079,713,1606,168.700000,approval
4079,713,1605,126.700000,approval
6861,714,1457,1571.000000,approval
3793,714,1457,109.970000,approval
1112,715,1597,99.450000,approval
811,716,1386,6.020000,approval
8190,717,1846,6.000000,approval
8191,717,1846,13.000000,approval
7824,718,1892,2.000000,approval
7833,719,1422,242.000000,approval
7833,719,1423,641.000000,approval
7833,719,1424,853.000000,approval
7833,719,1425,350.000000,approval
6134,719,1422,242.000000,approval
6134,719,1423,641.000000,approval
6134,719,1424,853.000000,approval
6134,719,1425,350.000000,approval
8286,719,1422,242.000000,approval
8286,719,1423,641.000000,approval
8286,719,1424,853.000000,approval
8286,719,1425,350.000000,approval
9043,720,1903,13.680000,approval
9043,720,1903,10.520000,approval
10905,721,1881,3.000000,approval
10905,722,1876,10.000000,approval
10905,723,1876,10.000000,approval
10116,724,1456,1283.000000,approval
10116,724,1455,590.000000,approval
10116,724,1454,700.000000,approval
10116,724,1452,1451.000000,approval
10116,724,1453,714.000000,approval
10911,725,1902,10314.000000,approval
4058,726,1622,37.000000,approval
4058,726,1620,23.000000,approval
10921,727,1880,9.450000,approval
10921,727,1880,3.210000,approval
10922,728,1878,10.000000,approval
10922,729,1883,4.000000,approval
5555,730,680,1205.000000,approval
8916,731,1898,303.000000,approval
8916,732,1894,300.000000,approval
10837,733,1829,300.000000,approval
8916,734,1895,300.000000,approval
8916,735,1896,300.000000,approval
2,736,1457,70.690000,approval
2,736,1457,78.550000,approval
7831,737,1626,27.030000,approval
10936,737,1626,44.860000,approval
10936,738,1625,53.160000,approval
7831,738,1625,32.020000,approval
10936,739,1626,1468.540000,approval
10936,740,1625,1740.240000,approval
8916,741,1781,100.000000,approval
8916,742,1782,100.000000,approval
8916,743,1783,100.000000,approval
8916,744,1728,100.000000,approval
9002,745,1850,47.000000,approval
9002,745,1849,70.000000,approval
9002,745,1848,47.000000,approval
9002,745,1847,70.000000,approval
8508,746,1850,103.000000,approval
8508,746,1849,154.000000,approval
8508,746,1848,99.000000,approval
8508,746,1847,147.000000,approval
8508,746,1851,365.000000,approval
8508,746,1850,365.000000,approval
6885,747,1626,1621.500000,approval
1283,748,1797,13.230000,approval
1282,748,1797,13.230000,approval
1282,748,1797,30.860000,approval
1,748,1797,30.860000,approval
3458,748,1797,7.000000,approval
6969,748,1797,710.170000,approval
9545,748,1797,330.660000,approval
9540,748,1797,8.270000,approval
9540,748,1797,12.120000,approval
9540,748,1797,11.570000,approval
10943,749,1827,120.000000,approval
10943,750,1827,45.000000,approval
10943,750,1828,45.000000,approval
10943,750,1829,74.000000,approval
10943,750,1830,74.000000,approval
5773,751,1910,2.000000,approval
10948,752,1901,100.000000,approval
10948,753,1794,100.000000,approval
4058,754,1700,15.400000,approval
10943,754,1700,49.500000,approval
10961,755,1920,506.000000,approval
10960,756,1921,506.000000,approval
10961,756,1921,506.000000,approval
4058,757,1700,15.400000,approval
10943,757,1700,46.200000,approval
4058,758,1702,15.400000,approval
10943,758,1702,46.200000,approval
4058,759,1704,15.400000,approval
10943,759,1704,46.200000,approval
4058,760,1705,15.400000,approval
10943,760,1705,15.400000,approval
3541,761,1866,2.000000,approval
10982,762,1593,112.350000,approval
9490,762,1593,1509.300000,approval
4058,763,1700,30.800000,approval
10982,764,1594,105.350000,approval
9490,764,1594,993.300000,approval
10983,765,1595,147.350000,approval
4058,766,1702,30.800000,approval
10983,767,1596,280.350000,approval
4058,768,1704,30.800000,approval
4058,769,1705,30.800000,approval
4058,770,1706,30.800000,approval
10943,770,1706,15.400000,approval
4058,771,1711,30.800000,approval
4058,771,1707,30.800000,approval
4058,771,1709,30.800000,approval
4058,771,1708,30.800000,approval
4058,771,1710,30.800000,approval
10943,771,1711,15.400000,approval
10943,771,1710,15.400000,approval
10943,771,1707,46.200000,approval
10943,771,1709,46.200000,approval
10943,771,1708,46.200000,approval
10988,772,1824,3.000000,approval
10847,773,1594,1059.300000,approval
10847,774,1593,993.300000,approval
10848,775,1595,1389.300000,approval
10848,776,1596,2643.300000,approval
7729,777,1575,937.650000,approval
7614,777,1575,705.000000,approval
3655,777,1575,2.120000,approval
10998,778,1865,555.000000,approval
10999,778,1865,555.000000,approval
11002,779,1780,2.000000,approval
11007,780,1920,506.000000,approval
11008,780,1921,506.000000,approval
11007,781,1920,506.000000,approval
11008,782,1921,506.000000,approval
10961,783,1920,506.000000,approval
10960,784,1921,506.000000,approval
10961,784,1921,506.000000,approval
10695,785,1751,2020.000000,approval
4501,786,1642,35.000000,approval
4501,786,1643,35.000000,approval
4501,786,1906,35.000000,approval
4501,786,1645,35.000000,approval
4501,786,1666,35.000000,approval
4501,786,1667,35.000000,approval
4501,786,1668,35.000000,approval
4501,786,1669,35.000000,approval
2150,787,1802,10.000000,approval
2110,787,1799,10.000000,approval
2124,787,1800,10.000000,approval
2128,787,1801,10.000000,approval
2091,787,1803,10.000000,approval
2128,787,1809,30.000000,approval
2112,787,1810,30.000000,approval
2112,787,1805,30.000000,approval
2150,787,1804,30.000000,approval
2117,787,1807,30.000000,approval
6586,788,1841,8874.000000,approval
8508,789,1841,65.250000,approval
9002,790,1842,552.050000,approval
8508,790,1842,965.850000,approval
8508,790,1842,65.250000,approval
10662,791,1716,146.000000,approval
3957,792,1391,2689.000000,approval
3536,793,1457,18.850000,approval
3536,793,1457,1.890000,approval
6598,794,1930,10.000000,approval
6597,794,1930,10.000000,approval
8390,795,1902,102.000000,approval
137,796,1942,4.430000,approval
137,797,1943,4.430000,approval
171,798,1940,4.430000,approval
171,799,1941,4.430000,approval
6995,800,1770,27.450000,approval
6995,800,1770,27.450000,approval
3345,800,1770,1.070000,approval
3536,800,1770,1.070000,approval
904,800,1770,3.660000,approval
2,800,1770,25.440000,approval
6995,801,1771,63.450000,approval
6995,801,1771,63.450000,approval
904,801,1771,8.460000,approval
3345,801,1771,3.000000,approval
3536,801,1771,3.000000,approval
2,801,1771,58.800000,approval
11062,802,1968,768.030000,approval
3484,802,1968,5.000000,approval
3484,802,1968,3.000000,approval
11042,803,1944,50.000000,approval
11042,804,1945,50.000000,approval
8508,805,1842,696.850000,approval
6586,806,1841,887.400000,approval
8508,807,1842,65.250000,approval
6994,808,1772,18.450000,approval
6994,808,1772,18.450000,approval
904,808,1772,2.460000,approval
5403,808,1772,205.000000,approval
2,808,1772,17.100000,approval
10893,809,1673,322.000000,approval
2562,810,1996,152.000000,approval
11070,811,1993,809.000000,approval
8176,812,1967,3.000000,approval
922,812,1967,6.500000,approval
9415,812,1967,67.000000,approval
6998,812,1967,136.000000,approval
8508,813,1043,660.000000,approval
3536,814,883,65.000000,approval
3572,814,883,85.000000,approval
1881,815,1699,4.400000,approval
4058,816,1700,46.200000,approval
4058,817,1700,46.200000,approval
4058,817,1711,14.140000,approval
4058,817,1710,14.140000,approval
4058,817,1708,46.200000,approval
4058,817,1709,46.200000,approval
4058,818,1702,46.200000,approval
4058,819,1704,46.200000,approval
4058,820,1705,15.400000,approval
4058,821,1706,15.400000,approval
4058,822,1707,42.420000,approval
4089,823,1949,103.000000,approval
4089,823,1950,103.000000,approval
11078,824,2038,103.000000,approval
11077,824,2038,103.000000,approval
11081,824,2038,103.000000,approval
11079,825,2036,103.000000,approval
11077,825,2036,103.000000,approval
11082,825,2036,103.000000,approval
11080,826,2037,103.000000,approval
11086,826,2037,103.000000,approval
11082,826,2037,103.000000,approval
102,827,1977,3.000000,approval
10399,828,1587,426.520000,approval
9002,828,1587,423.500000,approval
8508,828,1587,726.000000,approval
10404,828,1587,411.400000,approval
3796,828,1587,193.600000,approval
3709,828,1587,605.000000,approval
3581,828,1587,12.100000,approval
5948,828,1587,6.050000,approval
6586,828,1587,726.000000,approval
10399,829,1586,465.300000,approval
9002,829,1586,493.500000,approval
8508,829,1586,846.000000,approval
3796,829,1586,225.600000,approval
3709,829,1586,705.000000,approval
3581,829,1586,14.100000,approval
5948,829,1586,7.050000,approval
6586,829,1586,846.000000,approval
3906,830,1779,110.280000,approval
3906,830,1778,49.770000,approval
3906,830,1307,60.770000,approval
3906,830,1306,55.270000,approval
3906,830,1305,60.770000,approval
3906,830,1298,40.250000,approval
3906,830,1297,55.250000,approval
3906,830,1296,100.250000,approval
3906,830,1295,60.250000,approval
10817,831,1849,352.000000,approval
10920,832,1847,352.000000,approval
10920,833,1849,352.000000,approval
11095,834,1871,202.000000,approval
8854,835,1930,4.000000,approval
6598,836,1905,38.000000,approval
4653,837,1976,105.000000,approval
4654,837,1976,105.000000,approval
4654,837,1971,609.000000,approval
8,838,1588,17.620000,approval
8497,838,1588,243.000000,approval
3709,838,1588,405.000000,approval
3760,838,1588,20.250000,approval
3570,838,1588,2.000000,approval
8497,839,1589,363.000000,approval
3709,839,1589,605.000000,approval
3761,839,1589,90.750000,approval
7,839,1589,26.320000,approval
3570,839,1589,2.000000,approval
8497,840,1590,243.000000,approval
3709,840,1590,405.000000,approval
3761,840,1590,60.750000,approval
3570,840,1590,2.000000,approval
8,840,1590,17.620000,approval
7886,841,1949,103.000000,approval
7886,841,1950,103.000000,approval
3761,842,1588,60.750000,approval
3760,843,1589,30.250000,approval
3761,843,1589,90.750000,approval
3760,844,1590,20.250000,approval
3761,844,1590,60.750000,approval
8390,845,1921,5.000000,approval
8390,845,1920,5.000000,approval
11105,846,1401,1778.000000,approval
11105,846,1400,1556.000000,approval
11105,846,1399,2047.000000,approval
11105,846,1398,1803.000000,approval
11105,846,1397,2694.000000,approval
11105,846,1396,2280.000000,approval
11105,846,1393,4906.000000,approval
11105,846,1395,4660.000000,approval
11105,846,1394,3834.000000,approval
11105,846,1391,4074.000000,approval
11105,846,1390,3368.000000,approval
11105,846,1389,5515.000000,approval
11105,846,1388,4507.000000,approval
11105,846,1387,469.000000,approval
11105,846,1386,401.000000,approval
11105,846,1413,4490.000000,approval
11105,846,1414,309.000000,approval
11105,846,1415,823.000000,approval
11105,846,1416,1097.000000,approval
11105,846,1417,447.000000,approval
11105,846,1422,242.000000,approval
11105,846,1423,641.000000,approval
11105,846,1424,853.000000,approval
11105,846,1425,350.000000,approval
1127,847,1400,47.000000,approval
1127,847,1401,54.000000,approval
11105,848,1392,4028.000000,approval
10644,849,1940,156.000000,approval
10644,850,1941,156.000000,approval
8916,851,2036,100.000000,approval
8916,852,2037,100.000000,approval
8916,853,2038,100.000000,approval
8916,854,2039,50.000000,approval
8774,855,1413,4490.000000,approval
8916,856,2040,50.000000,approval
8916,857,2069,101.000000,approval
8916,858,2041,50.000000,approval
8916,859,2042,51.000000,approval
8916,860,1188,300.000000,approval
8916,861,1970,103.000000,approval
8916,862,1971,603.000000,approval
8916,863,1972,103.000000,approval
8916,864,1973,103.000000,approval
8916,865,1974,103.000000,approval
8916,866,1975,103.000000,approval
8916,867,1981,104.000000,approval
8916,868,1982,104.000000,approval
8916,869,1983,204.000000,approval
8916,870,1961,201.000000,approval
8916,871,1958,1000.000000,approval
5555,872,1311,1705.000000,approval
5554,872,1310,1705.000000,approval
5555,872,1313,1705.000000,approval
5554,872,1312,1705.000000,approval
10170,873,2062,1.300000,approval
8352,874,2112,66.000000,approval
91,875,2070,3.000000,approval
3575,878,1386,7.000000,approval
3417,879,1388,46.000000,approval
3417,880,1389,56.000000,approval
5923,881,1077,1202.000000,approval
5923,881,1078,1502.000000,approval
7886,882,2124,102.000000,approval
7886,882,2123,102.000000,approval
147,883,2042,1.450000,approval
1310,884,2075,6.740000,approval
1310,885,2076,6.740000,approval
1310,886,2093,6.740000,approval
1310,887,2077,6.740000,approval
1310,888,2091,6.740000,approval
1310,889,2092,6.740000,approval
11137,890,1673,322.000000,approval
11137,890,1674,934.000000,approval
11175,891,2113,253.000000,approval
614,892,2002,9.260000,approval
614,892,2002,9.100000,approval
1239,893,2114,2.000000,approval
11143,894,2127,2.940000,approval
11144,894,2127,2.440000,approval
11144,894,2127,2.330000,approval
11146,894,2127,66.660000,approval
3577,894,2127,1.000000,approval
3577,894,2127,1.000000,approval
11170,895,1673,322.000000,approval
11171,895,1674,934.000000,approval
8677,896,1344,18.100000,approval
8677,896,1344,20.270000,approval
1786,896,1344,11.600000,approval
8575,896,1344,463.980000,approval
10124,896,1343,18.100000,approval
10124,896,1343,20.270000,approval
1766,896,1343,11.510000,approval
8490,896,1343,464.000000,approval
2480,897,2135,103.000000,approval
2569,897,2135,103.000000,approval
4578,898,2135,103.000000,approval
9771,899,1357,16.000000,approval
9771,899,1354,15.000000,approval
9771,899,1355,14.000000,approval
9771,899,1356,20.000000,approval
10179,900,1340,811.000000,approval
10179,901,1341,711.000000,approval
10179,902,1342,811.000000,approval
4531,903,1345,1013.000000,approval
4531,904,1346,1013.000000,approval
11221,905,1393,6133.000000,approval
11169,905,1393,491.000000,approval
11169,905,1392,403.000000,approval
11221,905,1392,5035.000000,approval
8656,906,1347,457.000000,approval
8656,907,1348,306.000000,approval
8656,908,1349,356.000000,approval
10179,909,1351,1013.000000,approval
10179,910,1353,1064.000000,approval
10179,911,1354,703.000000,approval
10179,912,1355,653.000000,approval
10179,913,1356,963.000000,approval
10179,914,1357,811.000000,approval
5838,915,1397,41.000000,approval
5838,915,1396,58.000000,approval
3551,915,1395,70.000000,approval
3551,915,1394,58.000000,approval
11238,916,1589,7.000000,approval
3397,917,2079,1.000000,approval
3440,917,2120,1.000000,approval
9208,918,1349,360.000000,approval
7580,919,2178,606.000000,approval
9771,920,1450,19.140000,approval
9771,920,1449,25.150000,approval
7910,921,1987,101.000000,approval
7828,922,1450,19.140000,approval
7828,922,1449,25.150000,approval
10718,923,2148,0.540000,approval
10718,923,2148,1.580000,approval
6594,924,1234,8340.000000,approval
6594,924,1236,4710.000000,approval
6594,924,1240,3920.000000,approval
6594,924,1244,3720.000000,approval
6594,924,1295,5120.000000,approval
6594,924,1303,11830.000000,approval
6594,924,1307,3215.000000,approval
6594,924,1308,1710.000000,approval
6594,924,1318,4925.000000,approval
6594,924,1323,9025.000000,approval
6594,924,1324,8940.000000,approval
6594,924,1310,6820.000000,approval
6594,924,1575,705.000000,approval
6594,924,1578,4420.000000,approval
6594,924,1586,1310.000000,approval
6594,924,1590,1415.000000,approval
6594,924,1591,1510.000000,approval
6594,924,1593,1510.000000,approval
6594,924,1597,5120.000000,approval
6594,924,1599,1710.000000,approval
6594,924,1601,1310.000000,approval
6594,924,1603,2210.000000,approval
6594,924,1614,10550.000000,approval
6594,924,1605,3220.000000,approval
6594,924,1609,5120.000000,approval
6594,924,1625,11810.000000,approval
6594,924,1841,2210.000000,approval
6594,924,1772,910.000000,approval
6594,924,1773,8410.000000,approval
6594,924,1775,1115.000000,approval
6594,924,1779,2910.000000,approval
6594,924,1769,1005.000000,approval
9456,925,2172,48.400000,approval
7582,926,2233,600.000000,approval
10609,927,2190,1245.000000,approval
10610,928,2191,510.000000,approval
6134,928,2191,510.000000,approval
6134,928,2190,1245.000000,approval
5732,929,2248,3.000000,approval
572,930,1393,20.000000,approval
11163,931,1390,149.000000,approval
3656,932,2059,0.500000,approval
3656,932,2060,0.500000,approval
3656,932,2061,0.500000,approval
3679,932,2059,0.500000,approval
7816,933,681,15.000000,approval
7817,933,679,15.000000,approval
9529,934,2123,103.000000,approval
11343,935,2251,7.260000,approval
11344,936,2252,6.780000,approval
5770,937,2053,1.000000,approval
3657,938,691,2.000000,approval
6733,939,1673,322.000000,approval
6733,939,1673,934.000000,approval
6737,939,1673,55.000000,approval
3989,940,2025,35.380000,approval
3989,941,2026,51.240000,approval
6594,942,2044,505.000000,approval
6590,943,2044,1010.000000,approval
11356,944,2000,4.660000,approval
11356,944,2000,4.660000,approval
6594,945,2030,205.000000,approval
6590,945,2030,410.000000,approval
6594,945,2029,205.000000,approval
6590,945,2029,410.000000,approval
6594,945,2031,205.000000,approval
6590,945,2031,410.000000,approval
3482,946,2031,3.000000,approval
6590,947,2025,610.000000,approval
6594,947,2025,305.000000,approval
6590,947,2026,610.000000,approval
6594,947,2026,305.000000,approval
4079,948,2025,42.700000,approval
739,948,2026,83.870000,approval
4079,948,2026,42.700000,approval
9491,949,2058,4.000000,approval
10701,949,2058,1.000000,approval
6590,950,2044,1515.000000,approval
6590,950,2031,615.000000,approval
6590,950,2044,615.000000,approval
6590,950,2044,615.000000,approval
7803,951,2188,17.500000,approval
3646,951,2188,2.000000,approval
7803,951,2190,62.250000,approval
3646,951,2188,4.000000,approval
7803,951,2191,25.500000,approval
3646,951,2191,2.000000,approval
7803,951,2192,20.400000,approval
7803,951,2193,54.500000,approval
7803,951,2195,72.600000,approval
7803,951,2196,29.500000,approval
11370,952,2231,1011.000000,approval
11363,953,1385,130.000000,approval
399,954,2267,7.260000,approval
9926,955,2189,1262.250000,approval
7803,956,2191,0.150000,approval
7803,957,2188,0.110000,approval
9926,958,2190,1743.000000,approval
7803,958,2190,0.370000,approval
7803,960,2189,0.110000,approval
7803,961,2190,0.370000,approval
7803,962,2192,0.120000,approval
7803,963,2193,0.330000,approval
7803,964,2195,0.440000,approval
7803,965,2196,0.180000,approval
793,966,2028,1.500000,approval
8774,967,2198,3815.000000,approval
82,968,2225,7.000000,approval
1065,968,2225,9.000000,approval
10125,969,1532,20.000000,approval
10137,969,1530,17.000000,approval
10136,969,1531,19.000000,approval
3575,970,1999,1.000000,approval
10912,971,1999,1.000000,approval
3795,972,1999,0.900000,approval
5427,973,1999,15.000000,approval
462,973,1999,0.510000,approval
462,973,1999,0.400000,approval
462,973,1999,0.550000,approval
463,973,1999,0.670000,approval
10901,973,1999,1.500000,approval
10113,973,1999,2.000000,approval
9687,973,1999,1.500000,approval
1527,973,1999,0.510000,approval
3836,973,1999,0.150000,approval
10507,973,1999,15.000000,approval
10912,973,1999,0.050000,approval
3575,973,1999,0.050000,approval
6582,974,1360,2615.000000,approval
6582,974,1363,2012.000000,approval
7327,975,1307,1934.000000,approval
7268,975,1306,302.000000,approval
7269,975,1305,1934.000000,approval
1161,976,2031,2.670000,approval
1161,976,2031,3.120000,approval
1161,976,2031,3.730000,approval
1161,976,2031,0.960000,approval
7720,976,2031,51.250000,approval
3858,976,2031,20.500000,approval
3840,976,2031,32.800000,approval
3482,976,2031,3.000000,approval
7805,976,2031,1.000000,approval
3655,976,2031,1.000000,approval
3438,976,2031,1.000000,approval
10571,977,2005,3.800000,approval
10901,977,2005,1.620000,approval
9687,977,2005,0.580000,approval
1514,977,2005,2.050000,approval
8714,977,2005,30.000000,approval
10902,977,2005,24.000000,approval
8647,977,2005,20.400000,approval
10912,978,1999,1.000000,approval
3575,978,1999,1.000000,approval
462,979,1999,0.510000,approval
462,979,1999,0.400000,approval
462,979,1999,0.550000,approval
463,979,1999,0.670000,approval
10901,979,1999,1.500000,approval
9687,979,1999,1.500000,approval
10113,979,1999,37.000000,approval
1527,979,1999,0.510000,approval
3732,979,1999,21.900000,approval
3812,979,1999,9.900000,approval
5419,979,1999,60.000000,approval
3795,979,1999,1.800000,approval
3906,979,1999,1.500000,approval
3536,979,1999,0.200000,approval
10912,979,1999,0.200000,approval
3575,979,1999,0.200000,approval
3575,979,1999,0.060000,approval
3679,979,1999,0.020000,approval
3681,979,1999,0.300000,approval
3438,980,2031,1.000000,approval
7805,980,2031,1.000000,approval
7814,980,2031,205.000000,approval
7814,980,2029,205.000000,approval
7814,980,2030,205.000000,approval
7814,980,2044,505.000000,approval
10912,981,1999,1.000000,approval
3575,981,1999,1.000000,approval
3536,982,1999,1.000000,approval
10912,982,1999,1.000000,approval
3575,982,1999,1.000000,approval
3679,982,1999,1.000000,approval
3681,982,1999,1.000000,approval
3824,982,1999,3.600000,approval
10507,983,1999,30.000000,approval
5419,983,1999,35.000000,approval
4012,984,1999,9.000000,approval
10572,985,2010,1.800000,approval
1557,985,2010,0.600000,approval
11101,985,2010,2.460000,approval
1485,985,2010,2.380000,approval
10647,985,2010,0.660000,approval
7051,985,2010,21.000000,approval
6952,985,2010,18.000000,approval
7958,985,2010,0.220000,approval
10572,985,2010,0.360000,approval
2,985,2010,2.460000,approval
3740,985,2010,9.000000,approval
3793,985,2010,2.400000,approval
3731,985,2010,21.900000,approval
3310,985,2010,1.000000,approval
5419,985,2010,5.000000,approval
5516,985,2010,5.000000,approval
5517,985,2010,5.000000,approval
5423,985,2010,5.000000,approval
10645,986,2009,1.800000,approval
1557,986,2009,0.600000,approval
11111,986,2009,2.460000,approval
1485,986,2009,2.380000,approval
10646,986,2009,0.660000,approval
7051,986,2009,21.000000,approval
6952,986,2009,18.000000,approval
7958,986,2009,0.220000,approval
10645,986,2009,0.360000,approval
2,986,2009,2.460000,approval
3740,986,2009,9.000000,approval
3793,986,2009,2.400000,approval
3731,986,2009,21.900000,approval
5419,986,2009,34.000000,approval
6594,986,2009,15.000000,approval
6590,986,2009,30.000000,approval
5516,986,2009,5.000000,approval
5517,986,2009,20.000000,approval
5423,986,2009,5.000000,approval
3310,987,2010,1.000000,approval
5517,987,2010,15.000000,approval
6594,987,2010,15.000000,approval
6590,987,2010,30.000000,approval
7814,988,2025,305.000000,approval
7814,988,2026,305.000000,approval
1236,989,2248,2.570000,approval
1308,989,2249,2.570000,approval
6594,990,2030,205.000000,approval
8647,991,2005,10.200000,approval
3802,991,2005,3.900000,approval
3742,991,2005,6.750000,approval
3800,991,2005,2.100000,approval
5419,991,2005,5.000000,approval
6594,991,2005,15.000000,approval
6590,991,2005,30.000000,approval
7814,991,2005,15.000000,approval
10646,992,2141,0.520000,approval
1558,992,2141,1.140000,approval
10645,992,2141,0.760000,approval
1484,992,2141,0.760000,approval
7958,992,2141,0.180000,approval
1539,992,2141,1.320000,approval
3713,992,2141,0.180000,approval
3753,992,2141,5.700000,approval
3817,992,2141,1.500000,approval
3751,992,2141,2.400000,approval
5516,992,2141,4.700000,approval
5419,992,2141,4.400000,approval
5517,992,2141,4.400000,approval
5423,992,2141,4.700000,approval
1961,992,2141,1.140000,approval
6594,992,2141,15.000000,approval
6590,992,2141,30.000000,approval
7814,992,2141,15.000000,approval
3310,993,2141,1.000000,approval
1558,994,2144,1.140000,approval
10647,994,2144,0.520000,approval
10572,994,2144,0.760000,approval
1484,994,2144,0.760000,approval
7958,994,2144,0.180000,approval
1539,994,2144,1.320000,approval
3713,994,2144,1.800000,approval
3753,994,2144,5.700000,approval
3817,994,2144,1.500000,approval
3751,994,2144,2.400000,approval
5419,994,2144,4.400000,approval
5516,994,2144,4.700000,approval
5517,994,2144,4.400000,approval
5423,994,2144,4.700000,approval
1961,994,2144,1.140000,approval
11411,994,2144,1.000000,approval
3310,994,2144,1.000000,approval
6594,994,2144,15.000000,approval
6590,994,2144,30.000000,approval
7814,994,2144,15.000000,approval
1558,995,2142,1.140000,approval
10647,995,2142,0.520000,approval
10572,995,2142,0.760000,approval
1484,995,2142,0.760000,approval
7958,995,2142,0.180000,approval
1539,995,2142,1.320000,approval
3713,995,2142,1.800000,approval
3753,995,2142,5.700000,approval
3817,995,2142,1.500000,approval
3751,995,2142,2.400000,approval
5419,995,2142,4.400000,approval
5516,995,2142,4.700000,approval
5517,995,2142,4.400000,approval
5423,995,2142,4.700000,approval
1961,995,2142,1.140000,approval
11411,995,2142,1.000000,approval
3310,995,2142,1.000000,approval
6594,995,2142,15.000000,approval
6590,995,2142,30.000000,approval
7814,995,2142,15.000000,approval
11411,996,2010,1.000000,approval
10572,997,2144,2.280000,approval
10572,997,2144,1.080000,approval
10572,997,2144,0.570000,approval
1557,997,2144,0.960000,approval
6952,997,2144,17.000000,approval
7051,997,2144,25.500000,approval
1484,998,2144,0.860000,approval
7958,998,2144,0.230000,approval
6952,999,2144,22.500000,approval
10645,1000,2143,1.520000,approval
1557,1000,2143,0.960000,approval
10645,1000,2143,0.720000,approval
1484,1000,2143,0.580000,approval
7958,1000,2143,0.140000,approval
10645,1000,2143,0.380000,approval
10647,1000,2143,1.800000,approval
3753,1000,2143,5.700000,approval
3817,1000,2143,1.500000,approval
3751,1000,2143,2.400000,approval
5419,1000,2143,4.400000,approval
5516,1000,2143,4.700000,approval
5517,1000,2143,4.400000,approval
5423,1000,2143,4.700000,approval
6952,1000,2143,15.000000,approval
7051,1000,2143,25.500000,approval
3310,1000,2143,1.000000,approval
6594,1000,2143,15.000000,approval
6590,1000,2143,30.000000,approval
7814,1000,2143,15.000000,approval
3713,1001,2143,0.900000,approval
3713,1002,2143,0.900000,approval
11410,1003,2005,1.000000,approval
11410,1004,2005,1.000000,approval
11410,1005,1999,1.000000,approval
10587,1006,2176,32.500000,approval
11011,1006,2296,62.000000,approval
1066,1006,2230,8.000000,approval
6594,1007,1998,111.000000,approval
6590,1007,1998,333.000000,approval
7814,1007,1998,111.000000,approval
6594,1008,1999,15.000000,approval
6590,1008,1999,45.000000,approval
7814,1008,1999,15.000000,approval
6594,1009,2000,15.000000,approval
6590,1009,2000,30.000000,approval
7814,1009,2000,15.000000,approval
6594,1010,2001,115.000000,approval
6590,1010,2001,115.000000,approval
1308,1011,2173,10.000000,approval
5421,1012,2002,111.000000,approval
6594,1012,2002,111.000000,approval
6590,1012,2002,333.000000,approval
7814,1012,2002,111.000000,approval
5421,1013,2002,111.000000,approval
6590,1014,2003,333.000000,approval
6594,1014,2003,111.000000,approval
7814,1014,2003,111.000000,approval
3670,1015,2005,1.000000,approval
3659,1015,2005,1.000000,approval
7610,1015,2005,15.000000,approval
7565,1016,1998,111.000000,approval
1215,1017,1423,61.540000,approval
3894,1018,2402,60.500000,approval
3444,1019,2001,1.000000,approval
3668,1019,2001,1.000000,approval
3381,1020,2002,1.000000,approval
3619,1020,2002,1.000000,approval
7168,1021,2002,19.980000,approval
7168,1021,2002,19.980000,approval
8380,1022,2386,128.400000,approval
8380,1023,2389,66.000000,approval
11117,1024,2000,138.750000,approval
6861,1024,2000,65.490000,approval
3494,1025,2003,1.000000,approval
3659,1025,2003,1.000000,approval
5770,1026,2001,1.000000,approval
3670,1027,2003,0.440000,approval
3659,1028,2003,0.040000,approval
4529,1029,1374,500.000000,approval
4529,1029,1375,503.000000,approval
4529,1029,1376,350.000000,approval
4529,1029,1377,350.000000,approval
4529,1029,1381,1053.000000,approval
4529,1029,1382,1000.000000,approval
7579,1030,2461,102.000000,approval
11441,1031,1378,775.000000,approval
11441,1031,1379,846.000000,approval
11441,1031,1380,895.000000,approval
11441,1031,1530,715.000000,approval
11441,1031,1531,785.000000,approval
11441,1031,1532,835.000000,approval
11417,1031,1378,775.000000,approval
11417,1031,1379,846.000000,approval
11417,1031,1380,895.000000,approval
11417,1031,1530,715.000000,approval
11417,1031,1531,785.000000,approval
11417,1031,1532,835.000000,approval
6590,1032,1998,111.000000,approval
8062,1032,1998,222.000000,approval
7814,1032,1998,111.000000,approval
7564,1032,1998,111.000000,approval
3531,1032,1998,0.990000,approval
3310,1033,2009,1.000000,approval
7805,1033,2009,1.000000,approval
3310,1033,2010,1.000000,approval
7805,1033,2010,1.000000,approval
3639,1034,1778,19.000000,approval
3429,1035,1778,19.000000,approval
3429,1035,1305,23.000000,approval
3676,1036,1393,44.000000,approval
3551,1036,1394,43.000000,approval
5838,1036,1397,29.000000,approval
3717,1037,2009,14.000000,approval
3717,1037,2009,14.000000,approval
10368,1038,2274,104.000000,approval
3628,1039,2005,1.000000,approval
3628,1040,2009,1.000000,approval
3628,1041,2010,1.000000,approval
3628,1042,2143,1.000000,approval
3628,1043,2144,1.000000,approval
3628,1044,2142,1.000000,approval
3628,1045,2141,1.000000,approval
8286,1046,2188,350.000000,approval
8286,1047,2189,935.000000,approval
3646,1047,2189,3.000000,approval
8286,1048,2190,1245.000000,approval
9926,1048,2190,1743.000000,approval
8286,1049,2191,510.000000,approval
1545,1050,2192,16.320000,approval
1545,1051,2193,45.780000,approval
1545,1052,2195,63.890000,approval
1545,1053,2196,26.550000,approval
8647,1054,2204,419.200000,approval
11452,1055,2459,104.000000,approval
11452,1055,2460,104.000000,approval
7362,1056,2231,902.000000,approval
9098,1057,2496,0.500000,approval
7803,1058,2195,0.440000,approval
7803,1059,2190,0.380000,approval
3728,1060,1378,310.000000,approval
7814,1061,2259,105.000000,approval
5594,1061,2259,105.000000,approval
11353,1062,2261,15.000000,approval
11353,1063,2260,31.860000,approval
11353,1064,2212,31.860000,approval
